run,row_index,t,Time_abs,healthy_rows,faulty_rows,healthy_minutes,faulty_minutes
AC_Fouling_40_Load,1218.0,2102.0,35567.0,1218,3460,35.03333333333333,98.28333333333333
AC_Fouling_60_Load,2057.0,3201.0,48597.0,2057,4641,53.35,120.0
AC_Fouling_75_Load,1665.0,2621.0,39325.0,1665,4689,43.68333333333333,123.48333333333333
AC_Fouling_85_Load,1091.0,1683.0,54936.0,1091,4710,28.05,120.95
AF_Clogging_40_Load,1690.0,2936.0,55779.0,1690,3130,48.93333333333333,90.61666666666666
AF_Clogging_60_Load,2095.0,3442.0,39137.0,2095,4724,57.36666666666667,129.13333333333333
AF_Clogging_75_Load,2368.0,3734.0,51012.0,2368,3550,62.233333333333334,93.83333333333333
AF_Clogging_85_Load,2728.0,4223.0,51605.0,2728,3670,70.38333333333334,94.6
Clogged_Injector_Nozzle1_40_60_85_Load,,,,0,6492,0.0,178.23333333333332
CW_Pump_Cavitation_60_Load,1380.0,2251.0,36003.0,1380,4465,37.516666666666666,121.13333333333334
CW_Pump_Cavitation_85_Load,1554.0,2383.0,45955.0,1554,4709,39.71666666666667,120.23333333333333
Turbine_Degradation_40_Load,3847.0,6674.0,48381.0,3847,2550,111.23333333333333,73.75
Turbine_Degradation_60_Load,2234.0,3453.0,41026.0,2234,2671,57.55,68.78333333333333
Turbine_Degradation_85_Load,2664.0,4030.0,61427.0,2664,2625,67.16666666666667,66.16666666666667
