run,channel,healthy_mean,healthy_std,faulty_mean,faulty_std,shift,std_ratio,last30_mean,last30_shift
AC_Fouling_40_Load,Charge Air IC Air Temp. In,48.118951724932764,4.949871652627795,46.348908815028906,0.6889953533974513,-0.35759369820511894,0.13919458962772832,47.030735213675214,-0.21984741981740785
AC_Fouling_40_Load,Charge Air IC Air Temp. Out,33.43892790242029,2.584992774238422,37.46864090751445,4.164917575417274,1.5588875316223556,1.6111911866540214,41.28375908831909,3.0347594252792462
AC_Fouling_40_Load,Charge Air Press.,0.21628123649673453,0.019624953987585455,0.20275331986040462,0.0016814033604549742,-0.6893222091061986,0.0856768052306575,0.20392113437511872,-0.6298155975007476
AC_Fouling_40_Load,No.1 Exh.Gas Temp.,381.14142089896274,9.522305551035835,382.8886064161849,3.841454060045892,0.18348345449092773,0.40341638266669766,387.45898480531815,0.6634489801336183
AC_Fouling_40_Load,No.2 Exh.Gas Temp.,384.96074590856705,11.574760806763274,390.45453647398847,5.366428736705058,0.4746353429792978,0.4636319338512281,396.3564106362773,0.9845270168392274
AC_Fouling_40_Load,No.3 Exh.Gas Temp.,352.08713223204,11.12358656267654,351.7425910404624,3.9970436820402986,-0.030973930003265236,0.35933047848539745,356.067534283001,0.3578344114583171
AC_Fouling_40_Load,Exh.Gas Temp. Turbine In,465.82054587014983,12.467312635390655,470.5006871387283,5.271027715127204,0.37539294998451334,0.42278780273500693,476.3333604938272,0.8432302077542255
AC_Fouling_40_Load,Exh.Gas Temp. Turbine Out,416.1202659239339,29.185671617575334,423.76524326589595,32.80305510566508,0.26194282736184493,1.1239438151531655,427.1177114909782,0.37680974798680744
AC_Fouling_40_Load,Max. In-Cylinder Press. No.1,7.513558669419132,0.11343665137325844,7.515799801116474,0.08801023916520659,0.019756680668995493,0.7758536425375664,7.489332657738841,-0.21356423507757105
AC_Fouling_40_Load,TCH Power,9.912295526444105,5.221989001675062,9.077449840604913,6.397989118562678,-0.1598712072299266,1.2252015690784468,9.550973294671415,-0.06919245361428142
AC_Fouling_40_Load,Exh. Gas Mass Flow,0.1880024354875144,0.004755878512181538,0.18325525280491328,0.0004251898663463186,-0.9981715618769205,0.08940301255745965,0.1830793639297246,-1.0351550287039575
AC_Fouling_40_Load,Fresh Cooling Water Press.,1.11134587824587,0.021705788842133443,1.107236723168208,0.02121371033656107,-0.18931148310471071,0.9773296188794949,1.1054022718917378,-0.2738258626470669
AC_Fouling_40_Load,Engine Cooling water flow,12.731441513638108,0.02279020785411845,12.709970656069366,0.0019067901985146004,-0.9421088963373404,0.08366708240311295,12.712532288698956,-0.8297083142107179
AC_Fouling_40_Load,Loss with cooling water,30.824922880238184,4.038534804562169,31.86612573513584,1.3970745505797857,0.25781698197114716,0.34593599366819056,32.814660489838545,0.492687993515033
AC_Fouling_60_Load,Charge Air IC Air Temp. In,71.85910235768714,2.61944849752362,71.53302814695108,0.889966248765259,-0.1244820087298214,0.339753291430092,72.35694609482759,0.19005669995463143
AC_Fouling_60_Load,Charge Air IC Air Temp. Out,33.98747381667414,0.44561482358850696,41.99022665158371,6.7291524928913775,17.95890174941652,15.10082729901567,50.43887951724138,36.91844352951536
AC_Fouling_60_Load,Charge Air Press.,0.43002511029784846,0.015388880010598259,0.42150007535186385,0.004532029187766255,-0.5539737095950747,0.29450026152943326,0.4252655237155173,-0.3092873931730742
AC_Fouling_60_Load,No.1 Exh.Gas Temp.,441.27581073509634,10.855973367387906,445.149274251239,8.678016857991999,0.35680481013142384,0.7993771322303868,456.9975361206896,1.4482096495209156
AC_Fouling_60_Load,No.2 Exh.Gas Temp.,448.2336161138503,10.654743671693549,458.5541588235295,7.530859144981819,0.9686335990510777,0.7068081013519874,468.1094179310345,1.865441575097506
AC_Fouling_60_Load,No.3 Exh.Gas Temp.,405.6251232631107,7.483732470467406,411.77882740788624,5.70772175370435,0.8222774089078566,0.762683831394078,417.9780914655172,1.650642677454632
AC_Fouling_60_Load,Exh.Gas Temp. Turbine In,537.2288724338861,11.052172385144686,544.270826524456,8.444904425441251,0.6371556509591769,0.7640945265016057,555.0927461206896,1.6163223902311321
AC_Fouling_60_Load,Exh.Gas Temp. Turbine Out,476.2725218287763,29.981480067164828,481.00555166989875,7.022941225717732,0.1578651164158499,0.23424264612637086,490.27499698275864,0.46703748856340155
AC_Fouling_60_Load,Max. In-Cylinder Press. No.1,8.269445049170104,0.14019038607721626,8.275902736030814,0.14345396803230132,0.046063692678276334,1.0232796416816163,8.235983016647415,-0.2386899234606423
AC_Fouling_60_Load,TCH Power,16.396913311882564,7.525087547487658,17.022627391827193,0.4921183849279275,0.08315040536020492,0.06539703117370736,17.45240054623276,0.14026245245513227
AC_Fouling_60_Load,Exh. Gas Mass Flow,0.2538036581593456,0.005460730629008507,0.25383176768778276,0.0006079672882098132,0.005147576459431596,0.11133442198744757,0.2540055878767241,0.03697851644720278
AC_Fouling_60_Load,Fresh Cooling Water Press.,1.1024988008803227,0.02727496891206557,1.0931324870663648,0.027673474888697935,-0.3434032810139908,1.014610684907365,1.0990375364146552,-0.1269025998462778
AC_Fouling_60_Load,Engine Cooling water flow,12.745679112505602,0.0139354401169938,12.732950915750914,0.002592101347997122,-0.9133688385748623,0.1860078566758822,12.736046241379311,-0.6912498669162234
AC_Fouling_60_Load,Loss with cooling water,44.38308449437024,2.651473109522656,45.372203065482005,2.3770072096091615,0.37304491890164326,0.8964855050093619,47.49152524673448,1.1723448151144393
AC_Fouling_75_Load,Charge Air IC Air Temp. In,82.47642468074017,9.589175743258183,76.38006130518234,1.3328155245194617,-0.6357546820271774,0.13899166729283463,77.53325150877193,-0.5154951065990854
AC_Fouling_75_Load,Charge Air IC Air Temp. Out,34.29095590044306,0.7059682880564088,42.445695749626786,5.8508403833437175,11.551141867341414,8.28768158900109,50.31589250877193,22.6992300921149
AC_Fouling_75_Load,Charge Air Press.,0.5784591167883764,0.04185677103832219,0.5399024455395607,0.007084913565533511,-0.9211573251437603,0.16926565021097498,0.544072766,-0.82152421066818
AC_Fouling_75_Load,No.1 Exh.Gas Temp.,456.65906948136563,13.534258231528606,459.5491281936447,7.250199578460964,0.21353654281152815,0.5356924224758273,468.6764495614035,0.887923067112972
AC_Fouling_75_Load,No.2 Exh.Gas Temp.,471.06048829814966,12.845899583587856,476.42612847088924,7.70755518874742,0.41769283169508886,0.6000012018305612,485.9456799122807,1.1587504259451482
AC_Fouling_75_Load,No.3 Exh.Gas Temp.,427.9832436799583,9.378036930543677,449.6026479633184,7.621649346370095,2.30532300560121,0.8127126607431947,459.0238115789474,3.3099216956474016
AC_Fouling_75_Load,Exh.Gas Temp. Turbine In,556.5077015897837,12.317258496190462,564.8207939859244,8.389147115672106,0.6749141782411936,0.6810888249415842,575.1411005263159,1.5127878449815144
AC_Fouling_75_Load,Exh.Gas Temp. Turbine Out,487.91260239770656,38.11547879374368,499.8721623800384,61.415422943329695,0.31377173685917026,1.6112987396975977,512.3536992105263,0.6412380897818223
AC_Fouling_75_Load,Max. In-Cylinder Press. No.1,8.577538092443316,0.3154030348193536,8.632704455967371,0.1516458363354753,0.17490752286404454,0.4808001813372852,8.520397900577192,-0.18116563747983694
AC_Fouling_75_Load,TCH Power,22.193696457591873,11.516038862586417,20.23846683613777,18.992538899694082,-0.1697831732581503,1.6492249745177137,19.607058084245615,-0.2246118135073155
AC_Fouling_75_Load,Exh. Gas Mass Flow,0.3050214825175919,0.011544598179612734,0.293951708692685,0.0010526511954551151,-0.9588704303676564,0.09118127621921499,0.294483148881579,-0.9128367633117942
AC_Fouling_75_Load,Fresh Cooling Water Press.,1.0790938204532188,0.040451958409771005,1.0405404365736832,0.026420043321582345,-0.953065942790625,0.6531214892973066,1.0428523826570175,-0.8959130588705265
AC_Fouling_75_Load,Engine Cooling water flow,12.718605118582227,0.04753876273116684,12.673755175943699,0.004237006011352847,-0.9434394178947412,0.08912739347705043,12.676471175438596,-0.8863071044128608
AC_Fouling_75_Load,Loss with cooling water,50.81202140432108,3.0844699594633767,53.14225458234165,1.630759177749418,0.7554728068825073,0.5286999708802904,54.63659817981579,1.2399461903529436
AC_Fouling_85_Load,Charge Air IC Air Temp. In,100.07014744025157,4.285228750238579,98.15014550106157,0.8840119824621299,-0.4480512129213886,0.20629283382197805,99.39018559726962,-0.15867573999266585
AC_Fouling_85_Load,Charge Air IC Air Temp. Out,33.37215971698113,0.45203705181581233,42.84137020594479,6.005917718914845,20.94786356765728,13.286339459983084,51.604184701365185,40.33303223960699
AC_Fouling_85_Load,Charge Air Press.,0.7584551769867923,0.024429613415753174,0.7568536506188959,0.008656665023671383,-0.06555676263234392,0.3543512898198064,0.7676462873967577,0.3762282379809806
AC_Fouling_85_Load,No.1 Exh.Gas Temp.,485.6840483018868,10.023604086836624,491.31912490445865,7.778374262907685,0.5621806840886769,0.7760057356138538,502.81936365187704,1.7094964247932547
AC_Fouling_85_Load,No.2 Exh.Gas Temp.,501.7963462264151,10.580787477098621,506.97312878980887,8.418200124142436,0.4892625028712237,0.7956118712679037,519.7256160409556,1.6945118549396432
AC_Fouling_85_Load,No.3 Exh.Gas Temp.,440.1210979245283,8.264403522737444,443.9588274522293,6.660300087762147,0.46436860411551817,0.8059020919583602,453.4080142491468,1.607728408718527
AC_Fouling_85_Load,Exh.Gas Temp. Turbine In,586.3293061006289,11.139864640804117,592.1477874734607,8.707106028456758,0.5223116761687867,0.7816168606361313,604.9975962457338,1.6758094238169667
AC_Fouling_85_Load,Exh.Gas Temp. Turbine Out,506.20955383647805,19.41723349415318,511.2201699787686,7.338430713341634,0.2580499505142842,0.37793389648176945,522.1520826791809,0.8210504780458764
AC_Fouling_85_Load,Max. In-Cylinder Press. No.1,8.968330429881133,0.21841047074696346,8.830116654127602,0.10923087744362725,-0.6328166194635276,0.5001174031174321,8.828625856670646,-0.6396422879026711
AC_Fouling_85_Load,TCH Power,29.632409650786165,6.383047872879836,30.06888694004883,0.7283055332245338,0.06838070118777602,0.11409996411259009,30.954620487883957,0.20714412039984448
AC_Fouling_85_Load,Exh. Gas Mass Flow,0.3488098038679246,0.001936053543117657,0.3504984268830149,0.0016121378420125144,0.8721985097432287,0.8326927980599461,0.35248249146672356,1.8969969151187713
AC_Fouling_85_Load,Fresh Cooling Water Press.,1.1003866113786163,0.023967337477154543,1.0962182523057324,0.02563049985500064,-0.17391832016622888,1.0693928718378256,1.0896133653634812,-0.4494969883661061
AC_Fouling_85_Load,Engine Cooling water flow,12.730928056603773,0.01808735325650539,12.71845516985138,0.001674787949869084,-0.6895915933917555,0.09259441810629321,12.717850861774744,-0.723002124389043
AC_Fouling_85_Load,Loss with cooling water,57.0096165870566,2.1387642262874516,57.97300368626115,1.7615426440618152,0.4504410010994232,0.8236263831285265,59.68421256837884,1.250533344652443
AF_Clogging_40_Load,Charge Air IC Air Temp. In,49.103690282192666,3.4101143786193835,45.22110085942492,0.2552555444519672,-1.1385510841251156,0.07485248766210292,45.08374804807693,-1.1788291499311088
AF_Clogging_40_Load,Charge Air IC Air Temp. Out,33.731218923126825,2.6468531354588953,33.6451185399361,2.929507103011358,-0.032529339099805356,1.1067886856908886,33.70979777884615,-0.008093061150126491
AF_Clogging_40_Load,Charge Air Press.,0.22082807199253976,0.013206391049802924,0.20482453880447288,0.002189711172528623,-1.2118021590997565,0.16580693122526458,0.2030177406326923,-1.3486145679529344
AF_Clogging_40_Load,No.1 Exh.Gas Temp.,384.6120988647421,6.205798715385575,383.01225233226836,2.17411326949916,-0.25779865023777965,0.3503357696905384,384.3567853846154,-0.04114111524334622
AF_Clogging_40_Load,No.2 Exh.Gas Temp.,386.9760897826792,8.493632537301385,381.05717293929706,2.2011160835296457,-0.6968651889975341,0.25914896528229003,382.4002538461538,-0.538737214781748
AF_Clogging_40_Load,No.3 Exh.Gas Temp.,356.1680070385988,6.484880447704331,351.5621603833866,2.2429388080221115,-0.7102438807245359,0.34587203667202826,352.68409894230774,-0.5372355164271913
AF_Clogging_40_Load,Exh.Gas Temp. Turbine In,469.5702946480701,8.330140402245911,464.87849252396165,2.578379089610903,-0.5632320582307928,0.3095240854422741,466.3722079807692,-0.38391749873011366
AF_Clogging_40_Load,Exh.Gas Temp. Turbine Out,422.13031602335394,34.51534374534615,417.18646792332277,1.6149885670285569,-0.1432362411484827,0.04679045293432178,418.49712721153844,-0.10526300530631044
AF_Clogging_40_Load,Max. In-Cylinder Press. No.1,7.4766274520927665,0.0991659158470382,7.466729180417253,0.09574001443899051,-0.09981526002121281,0.965452833478268,7.462953841500962,-0.13788619280132317
AF_Clogging_40_Load,TCH Power,9.565569877753488,6.816026729582381,9.53495290829393,0.2548368179901146,-0.004491908655034583,0.037387884188319266,9.556889254073075,-0.0012735606864241402
AF_Clogging_40_Load,Exh. Gas Mass Flow,0.19018213191923453,0.0032830493881551527,0.18861254849137377,0.0004270010798568404,-0.47808705940386653,0.13006233820222413,0.18832227750865385,-0.5665021115097463
AF_Clogging_40_Load,Fresh Cooling Water Press.,1.1050977289763217,0.0239141547224677,1.08758154721885,0.019512170596241395,-0.732460835883742,0.8159255814260257,1.0860938555778845,-0.7946705045185148
AF_Clogging_40_Load,Engine Cooling water flow,12.729835047032111,0.02089526591037647,12.706329827476036,0.0017877221354653538,-1.1249064576106786,0.08555632376889645,12.704560278846152,-1.209593038651284
AF_Clogging_40_Load,Loss with cooling water,30.506692286727212,3.83144755674974,28.476888013124604,1.5080536648190097,-0.5297747766446042,0.39359893160023013,27.34063968823077,-0.8263332726344923
AF_Clogging_60_Load,Charge Air IC Air Temp. In,67.77018585568479,5.250391193898753,63.238128575359866,0.5823564486781126,-0.8631846871889135,0.11091677308823071,62.71637068243859,-0.962559738237984
AF_Clogging_60_Load,Charge Air IC Air Temp. Out,33.68307424400664,0.6824280083618025,33.440308105419135,0.16904244944324387,-0.3557388260928445,0.24770737333750042,33.22090727024568,-0.6772391638356249
AF_Clogging_60_Load,Charge Air Press.,0.4202243736805127,0.015351850355360033,0.39730171348243015,0.0049952662743789475,-1.4931529208190324,0.32538528963936075,0.3912657242975432,-1.8863295767378754
AF_Clogging_60_Load,No.1 Exh.Gas Temp.,435.3510383337289,12.362719991844125,426.3296624047417,1.164232075678723,-0.7297241978252954,0.09417280957967054,427.3486936305732,-0.6472964451540574
AF_Clogging_60_Load,No.2 Exh.Gas Temp.,438.7300915262283,11.41495879188963,434.295733361558,1.045237193056443,-0.38846904710868757,0.09156732075100331,435.2391922656961,-0.3058179467991171
AF_Clogging_60_Load,No.3 Exh.Gas Temp.,397.1072297650131,10.327302381678981,390.32456589754446,1.4933939807710195,-0.6567701435276372,0.14460639628605781,390.9999940855323,-0.591367953969783
AF_Clogging_60_Load,Exh.Gas Temp. Turbine In,528.5783769285545,13.200035355618978,520.4936724597799,1.3330730634363834,-0.6124759707808738,0.10099011309609275,521.6777042766151,-0.5227768309727933
AF_Clogging_60_Load,Exh.Gas Temp. Turbine Out,468.409094398291,29.685741000079656,462.1906502963591,20.70148483290934,-0.20947579182595613,0.6973544919378564,463.60222820746134,-0.1619250868899241
AF_Clogging_60_Load,Max. In-Cylinder Press. No.1,8.273782204471873,0.15816139007519864,8.261324412051863,0.14040896408031397,-0.07876633111334488,0.8877575242197594,8.229159044448592,-0.2821368729881867
AF_Clogging_60_Load,TCH Power,16.057566201732733,7.15913691873276,15.334818203947925,5.419632602614919,-0.10095462707154669,0.7570231808856435,15.209141709062784,-0.118509326235952
AF_Clogging_60_Load,Exh. Gas Mass Flow,0.2518122340239734,0.005940645356892393,0.2481174760177815,0.0008688569434574047,-0.6219455604945694,0.1462563225474062,0.24705834739854415,-0.8002306718938784
AF_Clogging_60_Load,Fresh Cooling Water Press.,1.107912297801804,0.026385570885273293,1.1104959541665962,0.028817742827893417,0.09791928990379836,1.0921781057228368,1.1163269457579619,0.3189109681479165
AF_Clogging_60_Load,Engine Cooling water flow,12.728730951815809,0.029870470404799333,12.701153787044877,0.0009108323515773372,-0.9232249910098874,0.030492735441856062,12.701128671519562,-0.9240658055325324
AF_Clogging_60_Load,Loss with cooling water,41.90830912943983,3.7253758604863445,40.67992350653683,1.2425941802245435,-0.32973468152086893,0.33354867448524345,40.53817652027298,-0.36778372450933916
AF_Clogging_75_Load,Charge Air IC Air Temp. In,85.93324797304487,7.295166261804863,77.13829714084507,0.7274811985400517,-1.2055860711835078,0.09972098954740874,76.29884115724383,-1.3206562359303158
AF_Clogging_75_Load,Charge Air IC Air Temp. Out,34.41404683454513,0.8542148208479088,35.361648783098595,0.23631958810544734,1.1093251081886588,0.2766512384681787,35.261232296819784,0.9917709709528578
AF_Clogging_75_Load,Charge Air Press.,0.596579807964178,0.037123551003115915,0.5514031234687324,0.005962980852184681,-1.216927887411786,0.1606252820934125,0.5464909604196112,-1.3492472080691482
AF_Clogging_75_Load,No.1 Exh.Gas Temp.,463.92615575456637,11.381021905783657,456.7483361690141,1.8161867416795419,-0.6306832237889453,0.1595802869649679,458.3040144876325,-0.4939926584340171
AF_Clogging_75_Load,No.2 Exh.Gas Temp.,479.1530176449726,11.026307837152693,473.07691614084507,1.8248448809465434,-0.5510549491149097,0.16549917777533865,474.64839946996466,-0.4085336852132673
AF_Clogging_75_Load,No.3 Exh.Gas Temp.,434.21558499733993,12.052504333500472,446.79257743661975,1.7979781407245061,1.0435169398215034,0.14917880060220728,448.0009954946996,1.1437797586218268
AF_Clogging_75_Load,Exh.Gas Temp. Turbine In,564.9448019861678,10.741065838411313,561.903102169014,2.0914772952332013,-0.28318417025956,0.19471785451252266,563.493015106007,-0.13516227365156747
AF_Clogging_75_Load,Exh.Gas Temp. Turbine Out,496.5312210852988,41.39113678516223,495.3022762253521,52.42896935213784,-0.02969101492248075,1.2666714041768579,497.56350114841,0.024939640301961084
AF_Clogging_75_Load,Max. In-Cylinder Press. No.1,8.522183031361589,0.19647230979553437,8.609875697513802,0.08414979513154244,0.4463360065521366,0.42830358750867137,8.58948991305477,0.34257693495447883
AF_Clogging_75_Load,TCH Power,22.343370545758113,12.94278848514818,20.970097259143664,16.493179485370252,-0.10610335540832462,1.274314225585633,20.68999142443463,-0.12774520136991582
AF_Clogging_75_Load,Exh. Gas Mass Flow,0.3077574236102146,0.010976534350567608,0.2970259104814084,0.0011188547367153954,-0.9776777246865009,0.10193151143899425,0.2960823160300354,-1.0636424218519818
AF_Clogging_75_Load,Fresh Cooling Water Press.,1.0815158323990068,0.03884105728576723,1.0436042805529577,0.028712546273986835,-0.976068997481726,0.7392318407487881,1.0402793048533567,-1.0616736625436987
AF_Clogging_75_Load,Engine Cooling water flow,12.725557531477211,0.0412165987333437,12.679771391549295,0.005035763148628064,-1.1108665279281191,0.12217803757189204,12.68490472614841,-0.9863212050030967
AF_Clogging_75_Load,Loss with cooling water,53.343870692676,2.0652671883490368,52.8824825135493,1.291825837700856,-0.22340362628601662,0.6255005865529363,51.909136259938165,-0.6946967640950866
AF_Clogging_85_Load,Charge Air IC Air Temp. In,90.17726621293319,1.6355432095028155,89.97898158310626,0.5199573454887881,-0.12123472414232665,0.3179111028481165,89.43196863753214,-0.4556880986517102
AF_Clogging_85_Load,Charge Air IC Air Temp. Out,32.97279927116827,0.3134611547431693,33.16398790735695,0.1492055899852176,0.6099276841665607,0.4759938758838154,33.20483167095116,0.7402269667927464
AF_Clogging_85_Load,Charge Air Press.,0.7137375104842845,0.007084078605769776,0.7027597833195568,0.006733110259359033,-1.5496337315888378,0.9504567402562573,0.6957996262263926,-2.532140770329963
AF_Clogging_85_Load,No.1 Exh.Gas Temp.,464.19038138620937,3.9007552202992697,466.7190309536785,2.268270204266879,0.6482461535423211,0.5814951403417863,469.47138517566407,1.3538413694796099
AF_Clogging_85_Load,No.2 Exh.Gas Temp.,480.5419951053948,4.067172002490473,483.2349104632153,2.067091901639197,0.6621100253865622,0.5082381321403284,485.60193496143955,1.2440929109824674
AF_Clogging_85_Load,No.3 Exh.Gas Temp.,422.1579737763487,4.052033816368955,424.587733133515,2.3291352278538042,0.5996394569440212,0.5748064634714604,426.81794781491004,1.150033353556062
AF_Clogging_85_Load,Exh.Gas Temp. Turbine In,564.1217416577348,4.503708615122593,567.0881239782017,2.627563091625298,0.6586532509022334,0.5834220896979088,570.0872895458441,1.3245856688148392
AF_Clogging_85_Load,Exh.Gas Temp. Turbine Out,488.83039971418356,23.85950524041785,497.08645446866484,52.72759319026109,0.3460279109432487,2.2099198059204044,507.23135381319616,0.7712211093062193
AF_Clogging_85_Load,Max. In-Cylinder Press. No.1,8.890672834553076,0.1413578355839717,8.8648860599157,0.14108103828515187,-0.18242196855128184,0.9980418680176,8.844539585020351,-0.3263579223757967
AF_Clogging_85_Load,TCH Power,27.4144552453643,8.238715145918379,25.33299897499166,18.98508066982734,-0.25264331069922175,2.3043739628785347,22.645142673667976,-0.578890335109976
AF_Clogging_85_Load,Exh. Gas Mass Flow,0.34341786865157337,0.0011583243470808474,0.3413501925276611,0.0013438598498380213,-1.7850579840811809,1.1601757773845913,0.3399262205274666,-3.014395866672595
AF_Clogging_85_Load,Fresh Cooling Water Press.,1.1102898491405684,0.032611207157582554,1.1088396598166796,0.032228538392142674,-0.044469047615477514,0.9882657282942405,1.107088241610899,-0.09817506951517593
AF_Clogging_85_Load,Engine Cooling water flow,12.698744744551625,0.0099072249827745,12.693001893732971,0.0012177298309887597,-0.5796629054694242,0.12291331155858506,12.692003316195374,-0.6804557651585463
AF_Clogging_85_Load,Loss with cooling water,52.20650209465486,1.474679445042313,53.45291872378575,1.0633729455932386,0.8452119091516379,0.7210875212020923,53.85778031872985,1.1197540113726971
CW_Pump_Cavitation_60_Load,Charge Air IC Air Temp. In,69.1137564518876,4.822742647102734,65.90636346920493,0.5322360903213749,-0.6650558027618385,0.11035962921245986,65.39306834688347,-0.7714880053239696
CW_Pump_Cavitation_60_Load,Charge Air IC Air Temp. Out,33.73266001703094,0.7211644423342568,33.35493865397537,0.22097615797596706,-0.5237659275504024,0.30641577011300497,33.32140452574526,-0.5702659021214805
CW_Pump_Cavitation_60_Load,Charge Air Press.,0.4245039932126029,0.01373839414745681,0.40731358427278835,0.006802570520984025,-1.2512677067862958,0.4951503391131988,0.3977373720108401,-1.9483078527571387
CW_Pump_Cavitation_60_Load,No.1 Exh.Gas Temp.,437.1217894975873,12.764483939826267,426.7853550055991,1.99894538032979,-0.8097808372603026,0.15660213054856936,424.0510466124661,-1.0239930534394255
CW_Pump_Cavitation_60_Load,No.2 Exh.Gas Temp.,440.76742018166334,11.49765720927567,438.88492633818583,2.156702584534268,-0.163728471741079,0.18757756865410463,435.54811915085816,-0.4539447415943608
CW_Pump_Cavitation_60_Load,No.3 Exh.Gas Temp.,398.9586507805848,10.381817831562405,393.88294199328107,2.116741947255632,-0.488903665008717,0.2038893362991204,391.3719552845529,-0.7307675417851306
CW_Pump_Cavitation_60_Load,Exh.Gas Temp. Turbine In,530.7200933579336,13.424254811649655,523.3115677715566,2.308720922744918,-0.5518761145644983,0.17198130958758284,519.8901514001807,-0.8067443675424437
CW_Pump_Cavitation_60_Load,Exh.Gas Temp. Turbine Out,469.38082676695996,32.58156578000989,464.2167627099664,22.713128839770448,-0.15849649743235794,0.6971159395201895,461.7243123757904,-0.23499528668653238
CW_Pump_Cavitation_60_Load,Max. In-Cylinder Press. No.1,8.315925534388589,0.257667897498786,8.312023022683315,0.18702713396141235,-0.015145509949652025,0.7258456943100315,8.345394641658537,0.1143685633950076
CW_Pump_Cavitation_60_Load,TCH Power,16.426459427297758,7.850465821794791,15.632191800660696,6.008479190506953,-0.10117458564458467,0.7653659447603685,15.303992564408311,-0.14298092474630064
CW_Pump_Cavitation_60_Load,Exh. Gas Mass Flow,0.25271059328498435,0.006286181599483637,0.2495493346705487,0.0010125588376127875,-0.5028901192888406,0.16107693065945813,0.2482164299593496,-0.7149273775361384
CW_Pump_Cavitation_60_Load,Fresh Cooling Water Press.,1.1071912363860348,0.026107935010106127,1.0998851384705486,0.0283778602693205,-0.279842044675616,1.0869438834720444,1.10256283533514,-0.1772794764926136
CW_Pump_Cavitation_60_Load,Engine Cooling water flow,12.739796250354809,0.02328619755527999,12.714242969764838,0.0014288700843490345,-1.0973573735818951,0.061361245474147744,12.715726585365854,-1.0336451424418032
CW_Pump_Cavitation_60_Load,Loss with cooling water,42.181668841998295,4.191957070327415,41.57786296827996,1.3307244539011582,-0.1440391357994455,0.31744706149798935,41.77353822172539,-0.09736040074499842
CW_Pump_Cavitation_85_Load,Charge Air IC Air Temp. In,98.92454464073228,5.036096885134446,97.87650151836908,0.5831567237784258,-0.20810622715714844,0.11579537429071075,97.91560105531914,-0.20034236997928603
CW_Pump_Cavitation_85_Load,Charge Air IC Air Temp. Out,33.65172469565217,0.33171060670756325,33.1376612040773,0.4932213016196947,-1.5497348627988639,1.486902413266874,33.16832635744681,-1.4572893613604785
CW_Pump_Cavitation_85_Load,Charge Air Press.,0.7576053377290618,0.02754018769674231,0.7495089968553833,0.00553578461365277,-0.29398277756241303,0.20100751217129834,0.7459398292059574,-0.42358130059093013
CW_Pump_Cavitation_85_Load,No.1 Exh.Gas Temp.,484.1739817391305,11.030391954705962,481.21333531535356,1.2632199684769605,-0.26840808884527734,0.11452176619508297,481.83270851063827,-0.2122565760225202
CW_Pump_Cavitation_85_Load,No.2 Exh.Gas Temp.,500.8171234324943,11.38345584965216,498.1480356976002,1.3583876167651447,-0.23447077672600314,0.1193299850859133,498.7428404255318,-0.18221909360028712
CW_Pump_Cavitation_85_Load,No.3 Exh.Gas Temp.,438.4867362929062,9.404486101007537,437.0976451263538,1.9066361627536426,-0.14770516449628687,0.20273687921654515,438.1541696170213,-0.0353625570087516
CW_Pump_Cavitation_85_Load,Exh.Gas Temp. Turbine In,585.1799793135011,11.88382796230482,582.1793672966661,1.649024561819823,-0.2524954102628278,0.13876206951585668,582.8804958297873,-0.19349686742417982
CW_Pump_Cavitation_85_Load,Exh.Gas Temp. Turbine Out,503.7952471395882,18.071791714326256,502.85317075812276,14.503254399118454,-0.052129661317344846,0.8025354999870392,503.4072978723404,-0.021467117006458605
CW_Pump_Cavitation_85_Load,Max. In-Cylinder Press. No.1,8.848700582108924,0.13227938275045156,9.00599852221873,0.20801309626081801,1.1891342160747247,1.572528476741081,9.072012475183831,1.6881836642388237
CW_Pump_Cavitation_85_Load,TCH Power,29.98587163867277,5.4639561408864665,29.16876178355702,5.359511728868032,-0.14954546377145372,0.9808848370438257,29.166694097812766,-0.14992388660116537
CW_Pump_Cavitation_85_Load,Exh. Gas Mass Flow,0.3474946030448513,0.0033339268399685458,0.3468906469029518,0.0010851489696197198,-0.18115458763492448,0.32548673732443323,0.34622411417361704,-0.3810788095296812
CW_Pump_Cavitation_85_Load,Fresh Cooling Water Press.,1.1025432524796337,0.023326133201470155,1.096258161066256,0.02574293679647868,-0.2694442048792513,1.1036092683744172,1.0930271242859573,-0.4079599525341241
CW_Pump_Cavitation_85_Load,Engine Cooling water flow,12.730408022883294,0.017318462565463016,12.719176213633467,0.001959379149166376,-0.6485454010349335,0.11313816926646983,12.719283931914893,-0.64232554860761
CW_Pump_Cavitation_85_Load,Loss with cooling water,56.51592965217391,2.54209272612379,56.890961514419196,1.2144603373429452,0.1475287893282867,0.4777403769982724,56.8072878264851,0.1146135116618889
Clogged_Injector_Nozzle1_40_60_85_Load,Charge Air IC Air Temp. In,78.52503287761698,15.030162969346033,70.93835937615526,19.668695489745282,-0.5047632229227795,1.3086149185381104,,
Clogged_Injector_Nozzle1_40_60_85_Load,Charge Air IC Air Temp. Out,34.005160245890124,0.9951621143154156,33.62702866913124,1.6681488239213529,-0.37996982734717916,1.6762583702946663,,
Clogged_Injector_Nozzle1_40_60_85_Load,Charge Air Press.,0.4920467893775467,0.14921426904248178,0.4814611754795132,0.20736645471602405,-0.07094237009611806,1.3897226856835398,,
Clogged_Injector_Nozzle1_40_60_85_Load,No.1 Exh.Gas Temp.,448.07875309821554,31.9461653808178,458.4163237831177,45.723424005131726,0.32359347551332124,1.431264862623748,,
Clogged_Injector_Nozzle1_40_60_85_Load,No.2 Exh.Gas Temp.,456.4579911760573,35.35014289453789,449.11536803758474,44.340451464661314,-0.20771127178688442,1.2543217037889982,,
Clogged_Injector_Nozzle1_40_60_85_Load,No.3 Exh.Gas Temp.,408.74157300829006,25.638589673757537,354.07283958718426,21.657640747464914,-2.1322831761320384,0.8447282406345722,,
Clogged_Injector_Nozzle1_40_60_85_Load,Exh.Gas Temp. Turbine In,542.969338667978,36.34090695498573,530.5397103512015,45.75322639401463,-0.3420285666555514,1.2590006752084537,,
Clogged_Injector_Nozzle1_40_60_85_Load,Exh.Gas Temp. Turbine Out,478.8536954756218,39.46879880105554,464.9853717344424,36.35415093590437,-0.35137435550251633,0.921085820704838,,
Clogged_Injector_Nozzle1_40_60_85_Load,Max. In-Cylinder Press. No.1,8.191067781368554,0.40068920947043357,8.485540714976432,0.6194396046306755,0.7349160562548336,1.5459353284041537,,
Clogged_Injector_Nozzle1_40_60_85_Load,TCH Power,18.79509791820402,9.077610842306303,19.72131565960752,8.69835697188745,0.1020332064783886,0.9582209595666585,,
Clogged_Injector_Nozzle1_40_60_85_Load,Exh. Gas Mass Flow,0.2714169763344106,0.04760681554019454,0.27200992752649417,0.06346893956423125,0.012455174439948613,1.3331901922875786,,
Clogged_Injector_Nozzle1_40_60_85_Load,Fresh Cooling Water Press.,1.1099309962062667,0.022872516535808768,1.1080409045018484,0.027787492389697546,-0.08263593126970256,1.2148856618463468,,
Clogged_Injector_Nozzle1_40_60_85_Load,Engine Cooling water flow,12.758418406632007,0.003534462723942292,12.710484474738138,0.002898958331314025,-13.561872238506544,0.820197738025814,,
Clogged_Injector_Nozzle1_40_60_85_Load,Loss with cooling water,46.82395305606294,7.91124007621719,44.997992541683615,10.258663111378679,-0.23080585303795,1.2967199847996427,,
Turbine_Degradation_40_Load,Charge Air IC Air Temp. In,48.430040061033765,2.741775991728473,46.21539738431373,0.3507545167558902,-0.807740195917273,0.12792967690068918,46.10580997107039,-0.8477096950937003
Turbine_Degradation_40_Load,Charge Air IC Air Temp. Out,33.77873273126073,2.8335626791148605,33.49936619215686,2.9891921005842073,-0.09859197439427608,1.0549235852859136,33.527533249758925,-0.0886514645867216
Turbine_Degradation_40_Load,Charge Air Press.,0.21793503761796681,0.010709332288152643,0.2043383567752941,0.003154244771190684,-1.269610511358793,0.2945323467719938,0.2017276854744455,-1.5133858682721926
Turbine_Degradation_40_Load,No.1 Exh.Gas Temp.,383.1342923707801,5.301686816602277,383.4631038823529,4.206051585757407,0.06202016885327164,0.7933421439731447,387.44928389585345,0.8138903096955736
Turbine_Degradation_40_Load,No.2 Exh.Gas Temp.,385.77711960709513,6.672412148181009,386.51075698039216,4.970757132504618,0.10995084790993138,0.7449715368466431,391.47239729990355,0.8535560403535666
Turbine_Degradation_40_Load,No.3 Exh.Gas Temp.,351.57697943925234,6.966887831592929,353.21374070588234,4.104144291573484,0.234934350343311,0.5890929193609683,356.6401202507232,0.7267435523378052
Turbine_Degradation_40_Load,Exh.Gas Temp. Turbine In,467.50059773030705,7.045897136960799,468.82301023529413,5.356797828640297,0.1876854684764102,0.7602719319503032,473.9489737704918,0.9151958813531917
Turbine_Degradation_40_Load,Exh.Gas Temp. Turbine Out,421.09086664123595,35.796745803603294,421.77833364705884,30.51036574589603,0.019204734687187558,0.8523223287750604,426.6537875602701,0.1554029785152751
Turbine_Degradation_40_Load,Max. In-Cylinder Press. No.1,7.499302105207706,0.0973099689790145,7.474540272567058,0.09364324244267071,-0.25446347276082104,0.9623191069238286,7.444785729925747,-0.5602342273248041
Turbine_Degradation_40_Load,TCH Power,9.348709860919701,7.119024606472341,9.390841999149803,6.001258573986304,0.0059182459057378085,0.842988879197045,9.412717427603665,0.008991058497785033
Turbine_Degradation_40_Load,Exh. Gas Mass Flow,0.19000991802479497,0.0025421501315981533,0.1883187395454902,0.0006645462785844109,-0.6652551547935519,0.2614111064190516,0.18773689399710702,-0.8941344570625275
Turbine_Degradation_40_Load,Fresh Cooling Water Press.,1.1040127923993897,0.02220024951348104,1.0983244690698037,0.02075637616003119,-0.25622790077794805,0.9349613907459435,1.0998778041610415,-0.18625863803184575
Turbine_Degradation_40_Load,Engine Cooling water flow,12.723912239176046,0.017475135493970707,12.710982290196078,0.0008151084679581113,-0.7399055065655564,0.046643899741970016,12.711374927675987,-0.7174371554592629
Turbine_Degradation_40_Load,Loss with cooling water,31.424995478821288,2.7782625285456635,29.912182095466665,1.5800851043734068,-0.5445177940568973,0.5687313881026692,30.895027505621986,-0.1907551816122733
Turbine_Degradation_60_Load,Charge Air IC Air Temp. In,70.07019631803628,2.993579281005465,67.35527152751779,0.6713446273649238,-0.9069159476566869,0.2242615158464875,66.84997401202749,-1.075709711929595
Turbine_Degradation_60_Load,Charge Air IC Air Temp. Out,34.150172655282816,0.3127473395666441,33.84679330587795,0.20546051003650406,-0.9700461395618553,0.6569536620877378,33.744371323024055,-1.297537279840835
Turbine_Degradation_60_Load,Charge Air Press.,0.4146597027406617,0.018266347778108205,0.3925838860617747,0.008281435845397004,-1.20855120832334,0.4533711908913786,0.38473906521821305,-1.6380197008133097
Turbine_Degradation_60_Load,No.1 Exh.Gas Temp.,438.03487694770547,9.81336103654069,440.0263491576188,5.886784877929935,0.20293477458925416,0.5998744829635951,445.66829939862544,0.7778601462329185
Turbine_Degradation_60_Load,No.2 Exh.Gas Temp.,442.87334665955177,9.129995278036247,450.4025944590041,5.862629834380263,0.8246715984142077,0.6421284629230656,455.7947495704468,1.4152693969053485
Turbine_Degradation_60_Load,No.3 Exh.Gas Temp.,402.0887452294557,6.626490459262135,403.7385938225383,5.270077716570427,0.24897773613731375,0.7953045052987602,408.3568504295533,0.9459162793083592
Turbine_Degradation_60_Load,Exh.Gas Temp. Turbine In,532.6638277694769,9.868277829698544,537.1300151628604,7.0585232882257625,0.45258022427606703,0.7152740741634943,543.7266366838488,1.1210475733747995
Turbine_Degradation_60_Load,Exh.Gas Temp. Turbine Out,473.0688691568837,34.77950044794003,480.33602968925493,46.63649537193854,0.20894953747967548,1.3409190693163273,488.28010240549827,0.43736203949748015
Turbine_Degradation_60_Load,Max. In-Cylinder Press. No.1,8.265069804331056,0.19253796056028377,8.267823787111194,0.1183456961817563,0.014303583418689597,0.6146616274389287,8.253355249717353,-0.06084283109477646
Turbine_Degradation_60_Load,TCH Power,15.799311375893279,8.897283068322425,14.772595897738674,11.882298230375174,-0.11539651714691274,1.3354973803947514,14.332324426623712,-0.16488032784891102
Turbine_Degradation_60_Load,Exh. Gas Mass Flow,0.2501256351758805,0.00628331726135362,0.24533853824822163,0.0015781515571431733,-0.7618741388569593,0.2511653465041157,0.2437963680085911,-1.0073130010827842
Turbine_Degradation_60_Load,Fresh Cooling Water Press.,1.1010166376397013,0.026787392929051322,1.093180118996256,0.027095029732096477,-0.29254502908143915,1.0114843875945658,1.0928718695343642,-0.30405228783962474
Turbine_Degradation_60_Load,Engine Cooling water flow,12.741777938100322,0.01779074776260444,12.728279520778736,0.0019520979578206967,-0.7587324322566555,0.10972545864114501,12.72928914089347,-0.7019827032285888
Turbine_Degradation_60_Load,Loss with cooling water,43.31245381875986,2.593315549303149,43.131660736308504,1.0131796865343927,-0.06971503429266063,0.3906889336342601,43.21181119493127,-0.038808475835358666
Turbine_Degradation_85_Load,Charge Air IC Air Temp. In,97.76546479831637,0.5076025470756327,96.97374260952381,0.7706062744787479,-1.5597285580101623,1.5181292507658115,96.57084899915897,-2.3534472118781675
Turbine_Degradation_85_Load,Charge Air IC Air Temp. Out,32.88767124166959,0.3183911662377699,33.210755066666664,0.4153924340403083,1.014738658784908,1.304660675573201,33.536659520605554,2.0383363225954323
Turbine_Degradation_85_Load,Charge Air Press.,0.7153413017085233,0.00764822728527105,0.6931353253314285,0.009809363336957644,-2.9034148108881404,1.2825669231677395,0.6849716323498738,-3.9708115653329723
Turbine_Degradation_85_Load,No.1 Exh.Gas Temp.,479.4142080673449,2.8713719838539227,489.0555705523809,10.360166625913392,3.3577545992823663,3.608089332963434,498.0013314550042,6.473255117127639
Turbine_Degradation_85_Load,No.2 Exh.Gas Temp.,492.41656394247633,1.6828282322008927,504.1982328380953,11.948074003327477,7.001111979331525,7.099996169960345,514.4698021867116,13.104865857517062
Turbine_Degradation_85_Load,No.3 Exh.Gas Temp.,432.0685944580849,4.00343313322464,442.5075143619048,10.896006116655208,2.6074920090926277,2.721665569040944,451.98231110176624,4.9741599224966935
Turbine_Degradation_85_Load,Exh.Gas Temp. Turbine In,577.6070576289021,2.9179653576531206,590.6230543619048,13.548126054134451,4.460641281729015,4.643004420392099,602.3746885618167,8.487979772602527
Turbine_Degradation_85_Load,Exh.Gas Temp. Turbine Out,500.6054636969484,23.00351431942514,513.4950438476191,18.734709732323633,0.5603309116897048,0.8144281552885705,524.6079206896552,1.0434256548547507
Turbine_Degradation_85_Load,Max. In-Cylinder Press. No.1,8.802668314705716,0.21348123160449295,8.69816314151581,0.1986016952945043,-0.4895286222796321,0.9303004943424943,8.679862563662741,-0.5752531504525497
Turbine_Degradation_85_Load,TCH Power,27.9261553197685,7.920388268474076,27.625290896460953,4.9885806956384195,-0.037986070014407486,0.6298404227851709,27.694659765231282,-0.029227803826063947
Turbine_Degradation_85_Load,Exh. Gas Mass Flow,0.34201391417713084,0.003199682911040922,0.33792275447352377,0.002259783394671088,-1.278614105632153,0.7062522935861586,0.3359769223221194,-1.886746913008166
Turbine_Degradation_85_Load,Fresh Cooling Water Press.,1.0972718597239564,0.02253883220760461,1.0949863138620952,0.021632182826379697,-0.10140480397604602,0.9597738972066615,1.0967415014070647,-0.02353086939050416
Turbine_Degradation_85_Load,Engine Cooling water flow,12.73343005261312,0.007123144409453767,12.731717908571428,0.0024376256548332455,-0.24036351690687366,0.34221202248799737,12.733670294365012,0.033726924246280925
Turbine_Degradation_85_Load,Loss with cooling water,55.340657568902145,1.3340714363676305,57.30311943873524,1.8362383276762455,1.4710320724476524,1.3764167926988227,58.61960879729184,2.457852809829677
