model,fold,macro_f1,accuracy,false_alarm_rate,worst_recall,worst_recall_class,experiment,date,git_commit
dummy_majority,pooled,0.10819697424606352,0.48058418766612027,0.0,0.0,AC,02_baselines,2026-09-28,456fa9e
dummy_majority,40,0.14973547450723348,0.5983088262805403,0.0,0.0,AC,02_baselines,2026-09-28,456fa9e
dummy_majority,60,0.10034850565001584,0.43070832829686934,0.0,0.0,AC,02_baselines,2026-09-28,456fa9e
dummy_majority,75,0.17744247849499964,0.55011111713372,0.0,0.0,AC,02_baselines,2026-09-28,456fa9e
dummy_majority,85,0.09301723649834591,0.38706203089764735,0.0,0.0,AC,02_baselines,2026-09-28,456fa9e
logistic_regression,pooled,0.4398577947226849,0.5224997453208494,0.22519414949993255,0.1271985725210298,TD,02_baselines,2026-09-28,456fa9e
logistic_regression,40,0.3000058869595266,0.6363976503161597,0.0001250703520730411,0.0,AF,02_baselines,2026-09-28,456fa9e
logistic_regression,60,0.43589986419192167,0.40686570772392117,0.536237984985617,0.018141097424412094,CW,02_baselines,2026-09-28,456fa9e
logistic_regression,75,0.5501966311116488,0.5272372486313621,0.3973790521233619,0.0,AC,02_baselines,2026-09-28,456fa9e
logistic_regression,85,0.36123238724070655,0.5458920938372993,0.0006956521739130435,0.0,AC,02_baselines,2026-09-28,456fa9e
random_forest,pooled,0.28512251589518806,0.5352429639096491,0.10063014279382576,0.0,AC,02_baselines,2026-09-28,456fa9e
random_forest,40,0.26505498395780897,0.6109926291764882,0.07860671627790632,0.0,AC,02_baselines,2026-09-28,456fa9e
random_forest,60,0.42328298837360684,0.6036806478907288,0.08742019224023012,0.0,AC,02_baselines,2026-09-28,456fa9e
random_forest,75,0.42859782493928833,0.5534175294053878,0.0,0.0,AC,02_baselines,2026-09-28,456fa9e
random_forest,85,0.16412913227229162,0.3795900508229275,0.23643478260869566,0.0,AC,02_baselines,2026-09-28,456fa9e
lightgbm,pooled,0.38939169157457393,0.5316218894414655,0.32108376852369297,0.0025490695895997962,TD,02_baselines,2026-09-28,456fa9e
lightgbm,40,0.35078722653165856,0.485800875519138,0.4404352448252142,0.0,AC,02_baselines,2026-09-28,456fa9e
lightgbm,60,0.3541984742363342,0.5689592650791732,0.1475478846558619,0.0,AC,02_baselines,2026-09-28,456fa9e
lightgbm,75,0.4362284510179862,0.4662041303051656,0.21312444575820277,0.0,AF,02_baselines,2026-09-28,456fa9e
lightgbm,85,0.4820064075239709,0.5718757362592979,0.46547826086956523,0.0,AC,02_baselines,2026-09-28,456fa9e
