feature_set,model,fold,macro_f1,accuracy,false_alarm_rate,worst_recall,worst_recall_class,experiment,date,git_commit
raw,logreg,pooled,0.4398577947226849,0.5224997453208494,0.22519414949993255,0.1271985725210298,TD,03_ablation,2026-09-28,cf36458
raw,logreg,40,0.3000058869595266,0.6363976503161597,0.0001250703520730411,0.0,AF,03_ablation,2026-09-28,cf36458
raw,logreg,60,0.43589986419192167,0.40686570772392117,0.536237984985617,0.018141097424412094,CW,03_ablation,2026-09-28,cf36458
raw,logreg,75,0.5501966311116488,0.5272372486313621,0.3973790521233619,0.0,AC,03_ablation,2026-09-28,cf36458
raw,logreg,85,0.36123238724070655,0.5458920938372993,0.0006956521739130435,0.0,AC,03_ablation,2026-09-28,cf36458
raw,lightgbm,pooled,0.38939169157457393,0.5316218894414655,0.32108376852369297,0.0025490695895997962,TD,03_ablation,2026-09-28,cf36458
raw,lightgbm,40,0.35078722653165856,0.485800875519138,0.4404352448252142,0.0,AC,03_ablation,2026-09-28,cf36458
raw,lightgbm,60,0.3541984742363342,0.5689592650791732,0.1475478846558619,0.0,AC,03_ablation,2026-09-28,cf36458
raw,lightgbm,75,0.4362284510179862,0.4662041303051656,0.21312444575820277,0.0,AF,03_ablation,2026-09-28,cf36458
raw,lightgbm,85,0.4820064075239709,0.5718757362592979,0.46547826086956523,0.0,AC,03_ablation,2026-09-28,cf36458
raw+physics,logreg,pooled,0.5090562007899483,0.5848081571416665,0.22253483128745688,0.11687484068315065,TD,03_ablation,2026-09-28,cf36458
raw+physics,logreg,40,0.37947927364541767,0.6758708422194785,0.015758864361203176,0.0,AF,03_ablation,2026-09-28,cf36458
raw+physics,logreg,60,0.5767836958476142,0.5739151456545388,0.4870553567669964,0.24143337066069429,CW,03_ablation,2026-09-28,cf36458
raw+physics,logreg,75,0.5501966311116488,0.5272372486313621,0.3973790521233619,0.0,AC,03_ablation,2026-09-28,cf36458
raw+physics,logreg,85,0.3223004504609826,0.5507724411834001,0.02791304347826087,0.0,AC,03_ablation,2026-09-28,cf36458
raw+physics,lightgbm,pooled,0.5719022335088503,0.6652775076635271,0.20178058697704893,0.002676523069079786,TD,03_ablation,2026-09-28,cf36458
raw+physics,lightgbm,40,0.5318113485604649,0.7351741684438957,0.023638296541804764,0.0,AC,03_ablation,2026-09-28,cf36458
raw+physics,lightgbm,60,0.596019393788194,0.7159434304363592,0.14256647723286325,0.0,AC,03_ablation,2026-09-28,cf36458
raw+physics,lightgbm,75,0.5902962303185995,0.6235026288687734,0.26692284954182677,0.0,AF,03_ablation,2026-09-28,cf36458
raw+physics,lightgbm,85,0.4719908583301832,0.5719093938272021,0.4653913043478261,0.0,AC,03_ablation,2026-09-28,cf36458
raw+physics+rolling,logreg,pooled,0.5447558945246509,0.6230470739680863,0.22916385639681652,0.014529696660718837,TD,03_ablation,2026-09-28,cf36458
raw+physics+rolling,logreg,40,0.5593021066188284,0.6068769409211658,0.38515414920893004,0.0,TD,03_ablation,2026-09-28,cf36458
raw+physics+rolling,logreg,60,0.5533503360424546,0.6465913211652363,0.09071774363291939,0.0,TD,03_ablation,2026-09-28,cf36458
raw+physics+rolling,logreg,75,0.6503685481260174,0.6364572605561277,0.4364962065228101,0.5227127319257837,AC,03_ablation,2026-09-28,cf36458
raw+physics+rolling,logreg,85,0.4709520206149578,0.6030426441385346,0.0008695652173913044,0.0,AF,03_ablation,2026-09-28,cf36458
raw+physics+rolling,lightgbm,pooled,0.6174174271525013,0.7121662545494958,0.08461642225348313,0.14389497833290849,TD,03_ablation,2026-09-28,cf36458
raw+physics+rolling,lightgbm,40,0.535671769353098,0.7356231526172036,0.014258020136326684,0.0,TD,03_ablation,2026-09-28,cf36458
raw+physics+rolling,lightgbm,60,0.862900437260271,0.8796083645594102,0.013681330246263945,0.422688131785848,TD,03_ablation,2026-09-28,cf36458
raw+physics+rolling,lightgbm,75,0.6137063546892113,0.6676242614775869,0.24347226327717017,0.0,AF,03_ablation,2026-09-28,cf36458
raw+physics+rolling,lightgbm,85,0.3728759583639913,0.5322271212682171,0.13017391304347825,0.0,AF,03_ablation,2026-09-28,cf36458
residuals,logreg,pooled,0.5623260485229397,0.5845303253410385,0.35363151099377566,0.2393142857142857,AC,03_ablation,2026-09-28,cf36458
residuals,logreg,40,0.2887494260523333,0.586971975904516,0.20636608092051778,0.0,AF,03_ablation,2026-09-28,cf36458
residuals,logreg,60,0.764878256475393,0.7769853741085458,0.09654107907107276,0.30553759965524674,AC,03_ablation,2026-09-28,cf36458
residuals,logreg,75,0.5345024958259239,0.4850127378177679,0.4741353827963346,0.0,AC,03_ablation,2026-09-28,cf36458
residuals,logreg,85,0.45831793728731834,0.4297734845680051,0.770695652173913,0.0,AC,03_ablation,2026-09-28,cf36458
residuals,lightgbm,pooled,0.3081008342849307,0.5184897063317867,0.1614668645096641,0.021794544991078257,TD,03_ablation,2026-09-28,cf36458
residuals,lightgbm,40,0.3545327332349467,0.4662700639802447,0.3795885185416797,0.0,AF,03_ablation,2026-09-28,cf36458
residuals,lightgbm,60,0.46824022344380395,0.6075486522422338,0.0016838560303094085,0.0,CW,03_ablation,2026-09-28,cf36458
residuals,lightgbm,75,0.4725389044606887,0.5698953872838636,0.0015765100009853187,0.0,AF,03_ablation,2026-09-28,cf36458
residuals,lightgbm,85,0.2330397032552448,0.4343509138029686,0.19730434782608697,0.0,AC,03_ablation,2026-09-28,cf36458
residuals+physics,logreg,pooled,0.6081426881410982,0.6499689754489298,0.21130017536083864,0.2822857142857143,AC,03_ablation,2026-09-28,cf36458
residuals+physics,logreg,40,0.316069433409624,0.619972312642646,0.1509599149521606,0.0,AF,03_ablation,2026-09-28,cf36458
residuals+physics,logreg,60,0.7997380544652616,0.79351504895443,0.10446923454711289,0.4850247791424262,AC,03_ablation,2026-09-28,cf36458
residuals+physics,logreg,75,0.5345871137906955,0.48522955173722154,0.4737412552960883,0.0,AC,03_ablation,2026-09-28,cf36458
residuals+physics,logreg,85,0.5546992715367909,0.619366564572044,0.196,0.0,AC,03_ablation,2026-09-28,cf36458
residuals+physics,lightgbm,pooled,0.42907186128026975,0.5803350651515572,0.08455861098799453,0.0,TD,03_ablation,2026-09-28,cf36458
residuals+physics,lightgbm,40,0.22144755597517113,0.4914505930332622,0.248077043336877,0.0,AF,03_ablation,2026-09-28,cf36458
residuals+physics,lightgbm,60,0.5238934487103409,0.6597062734195576,0.008138637479828808,0.0,CW,03_ablation,2026-09-28,cf36458
residuals+physics,lightgbm,75,0.5589718187175241,0.626917448100168,0.03005222189378264,0.0,AF,03_ablation,2026-09-28,cf36458
residuals+physics,lightgbm,85,0.36758674383918316,0.5429638854296388,0.0,0.0,AC,03_ablation,2026-09-28,cf36458
residuals+physics+rolling,logreg,pooled,0.4750121117738719,0.5544226192129951,0.28946100630142796,0.055373882712012205,CW,03_ablation,2026-09-28,cf36458
residuals+physics+rolling,logreg,40,0.4158925620492785,0.3446701837093576,0.6470514664498781,0.0,TD,03_ablation,2026-09-28,cf36458
residuals+physics+rolling,logreg,60,0.450903169836329,0.5956424513477577,0.015786150284150705,0.018141097424412094,CW,03_ablation,2026-09-28,cf36458
residuals+physics+rolling,logreg,75,0.7916814932630047,0.6784649574502684,0.3775741452359838,0.5634463638302409,AC,03_ablation,2026-09-28,cf36458
residuals+physics+rolling,logreg,85,0.5253436008510587,0.6201743462017435,0.05365217391304348,0.09067742620513909,CW,03_ablation,2026-09-28,cf36458
residuals+physics+rolling,lightgbm,pooled,0.39722986724091885,0.5913094212763593,0.10700865241940145,0.0,CW,03_ablation,2026-09-28,cf36458
residuals+physics+rolling,lightgbm,40,0.3508083769000635,0.5265087738990534,0.21981114376836972,0.0,AC,03_ablation,2026-09-28,cf36458
residuals+physics+rolling,lightgbm,60,0.5389648875784839,0.6742415085216971,0.00021048200378867606,0.0,CW,03_ablation,2026-09-28,cf36458
residuals+physics+rolling,lightgbm,75,0.6190370890857597,0.682421811480297,0.18661937136663712,0.0033802816901408453,AF,03_ablation,2026-09-28,cf36458
residuals+physics+rolling,lightgbm,85,0.3129597971684374,0.5006563225741308,0.012260869565217391,0.0,CW,03_ablation,2026-09-28,cf36458
