run,delay_s,class,model,fold,min_duration_s,min_probability,false_alarm_rate,experiment,date,git_commit
AC_Fouling_40_Load,,,lightgbm,40,30,0.5,0.0,04_alarms,2026-09-28,85ec0c6
AF_Clogging_40_Load,,,lightgbm,40,30,0.5,0.0,04_alarms,2026-09-28,85ec0c6
Turbine_Degradation_40_Load,,,lightgbm,40,30,0.5,0.0,04_alarms,2026-09-28,85ec0c6
AC_Fouling_60_Load,725.0,AC,lightgbm,60,300,0.8,0.0,04_alarms,2026-09-28,85ec0c6
AF_Clogging_60_Load,888.0,AF,lightgbm,60,300,0.8,0.0,04_alarms,2026-09-28,85ec0c6
CW_Pump_Cavitation_60_Load,,,lightgbm,60,300,0.8,0.0,04_alarms,2026-09-28,85ec0c6
Turbine_Degradation_60_Load,,,lightgbm,60,300,0.8,0.0,04_alarms,2026-09-28,85ec0c6
AC_Fouling_75_Load,360.0,AC,lightgbm,75,60,0.8,0.1245442900778401,04_alarms,2026-09-28,85ec0c6
AF_Clogging_75_Load,,,lightgbm,75,60,0.8,0.1245442900778401,04_alarms,2026-09-28,85ec0c6
AC_Fouling_85_Load,,,lightgbm,85,30,0.5,0.0,04_alarms,2026-09-28,85ec0c6
AF_Clogging_85_Load,,,lightgbm,85,30,0.5,0.0,04_alarms,2026-09-28,85ec0c6
CW_Pump_Cavitation_85_Load,,,lightgbm,85,30,0.5,0.0,04_alarms,2026-09-28,85ec0c6
Turbine_Degradation_85_Load,,,lightgbm,85,30,0.5,0.0,04_alarms,2026-09-28,85ec0c6
AC_Fouling_40_Load,5485.0,AC,xgboost,40,300,0.8,0.0,04_alarms,2026-09-28,85ec0c6
AF_Clogging_40_Load,,,xgboost,40,300,0.8,0.0,04_alarms,2026-09-28,85ec0c6
Turbine_Degradation_40_Load,,,xgboost,40,300,0.8,0.0,04_alarms,2026-09-28,85ec0c6
AC_Fouling_60_Load,1309.0,AC,xgboost,60,60,0.6,0.0465866835052269,04_alarms,2026-09-28,85ec0c6
AF_Clogging_60_Load,639.0,AF,xgboost,60,60,0.6,0.0465866835052269,04_alarms,2026-09-28,85ec0c6
CW_Pump_Cavitation_60_Load,487.0,CW,xgboost,60,60,0.6,0.0465866835052269,04_alarms,2026-09-28,85ec0c6
Turbine_Degradation_60_Load,394.0,TD,xgboost,60,60,0.6,0.0465866835052269,04_alarms,2026-09-28,85ec0c6
AC_Fouling_75_Load,187.0,AC,xgboost,75,30,0.8,0.0022662331264163,04_alarms,2026-09-28,85ec0c6
AF_Clogging_75_Load,,,xgboost,75,30,0.8,0.0022662331264163,04_alarms,2026-09-28,85ec0c6
AC_Fouling_85_Load,,,xgboost,85,30,0.5,0.0,04_alarms,2026-09-28,85ec0c6
AF_Clogging_85_Load,,,xgboost,85,30,0.5,0.0,04_alarms,2026-09-28,85ec0c6
CW_Pump_Cavitation_85_Load,,,xgboost,85,30,0.5,0.0,04_alarms,2026-09-28,85ec0c6
Turbine_Degradation_85_Load,,,xgboost,85,30,0.5,0.0,04_alarms,2026-09-28,85ec0c6
AC_Fouling_40_Load,307.0,AC,logreg,40,300,0.8,0.0523419423425676,04_alarms,2026-09-28,85ec0c6
AF_Clogging_40_Load,3855.0,AF,logreg,40,300,0.8,0.0523419423425676,04_alarms,2026-09-28,85ec0c6
Turbine_Degradation_40_Load,686.0,AF,logreg,40,300,0.8,0.0523419423425676,04_alarms,2026-09-28,85ec0c6
AC_Fouling_60_Load,505.0,AF,logreg,60,300,0.8,0.0091208868308426,04_alarms,2026-09-28,85ec0c6
AF_Clogging_60_Load,,,logreg,60,300,0.8,0.0091208868308426,04_alarms,2026-09-28,85ec0c6
CW_Pump_Cavitation_60_Load,2452.0,CW,logreg,60,300,0.8,0.0091208868308426,04_alarms,2026-09-28,85ec0c6
Turbine_Degradation_60_Load,1889.0,AF,logreg,60,300,0.8,0.0091208868308426,04_alarms,2026-09-28,85ec0c6
AC_Fouling_75_Load,422.0,CW,logreg,75,300,0.8,0.1702630801064144,04_alarms,2026-09-28,85ec0c6
AF_Clogging_75_Load,1518.0,AF,logreg,75,300,0.8,0.1702630801064144,04_alarms,2026-09-28,85ec0c6
AC_Fouling_85_Load,587.0,AF,logreg,85,300,0.8,0.0,04_alarms,2026-09-28,85ec0c6
AF_Clogging_85_Load,,,logreg,85,300,0.8,0.0,04_alarms,2026-09-28,85ec0c6
CW_Pump_Cavitation_85_Load,4393.0,CW,logreg,85,300,0.8,0.0,04_alarms,2026-09-28,85ec0c6
Turbine_Degradation_85_Load,,,logreg,85,300,0.8,0.0,04_alarms,2026-09-28,85ec0c6
AC_Fouling_40_Load,,,random_forest,40,60,0.8,0.0022512663373147395,04_alarms,2026-09-28,85ec0c6
AF_Clogging_40_Load,,,random_forest,40,60,0.8,0.0022512663373147395,04_alarms,2026-09-28,85ec0c6
Turbine_Degradation_40_Load,,,random_forest,40,60,0.8,0.0022512663373147395,04_alarms,2026-09-28,85ec0c6
AC_Fouling_60_Load,460.0,AC,random_forest,60,30,0.5,0.30842629621834,04_alarms,2026-09-28,85ec0c6
AF_Clogging_60_Load,10.0,AF,random_forest,60,30,0.5,0.30842629621834,04_alarms,2026-09-28,85ec0c6
CW_Pump_Cavitation_60_Load,77.0,CW,random_forest,60,30,0.5,0.30842629621834,04_alarms,2026-09-28,85ec0c6
Turbine_Degradation_60_Load,,,random_forest,60,30,0.5,0.30842629621834,04_alarms,2026-09-28,85ec0c6
AC_Fouling_75_Load,,,random_forest,75,30,0.7,0.0,04_alarms,2026-09-28,85ec0c6
AF_Clogging_75_Load,,,random_forest,75,30,0.7,0.0,04_alarms,2026-09-28,85ec0c6
AC_Fouling_85_Load,,,random_forest,85,30,0.8,0.0,04_alarms,2026-09-28,85ec0c6
AF_Clogging_85_Load,,,random_forest,85,30,0.8,0.0,04_alarms,2026-09-28,85ec0c6
CW_Pump_Cavitation_85_Load,,,random_forest,85,30,0.8,0.0,04_alarms,2026-09-28,85ec0c6
Turbine_Degradation_85_Load,,,random_forest,85,30,0.8,0.0,04_alarms,2026-09-28,85ec0c6
