detector,fold,auroc,auroc_AC,auroc_AF,auroc_INJ,auroc_CW,auroc_TD,experiment,date,git_commit
iforest,pooled,0.5008496859001984,0.5663771111435343,0.4196711315486614,0.7075783361941539,0.3685623741438646,0.4942828986048809,05_anomaly,2026-09-29,443fa88
iforest,40,0.4528293660620014,0.3838385428508738,0.4066874278123297,0.8470821384647913,,0.3563215583275397,05_anomaly,2026-09-29,443fa88
iforest,60,0.5633337154015388,0.8270064692489694,0.3241586081406692,0.916066264800285,0.3351885133865847,0.600824386534794,05_anomaly,2026-09-29,443fa88
iforest,75,0.7490247125065442,0.8293004503740923,0.6399702183938194,0.9249348639694775,,,05_anomaly,2026-09-29,443fa88
iforest,85,0.507946329619222,0.5523392965937415,0.3173931524700865,0.8312016506764639,0.5874575789191835,0.244575768115942,05_anomaly,2026-09-29,443fa88
pca,pooled,0.5566253765931102,0.6805033004726759,0.482113469055585,0.7864459629885132,0.3416673916706011,0.4846598060002474,05_anomaly,2026-09-29,443fa88
pca,40,0.6486767635968108,0.6613845468711987,0.5593000096100382,0.9129736824081338,,0.5757208527836123,05_anomaly,2026-09-29,443fa88
pca,60,0.5599360009872473,0.8847871731846623,0.1899720088044806,0.9966962967951098,0.3576555148916999,0.6056538623579033,05_anomaly,2026-09-29,443fa88
pca,75,0.7797566143972877,0.8773181493801645,0.6485657228423255,0.915193130551504,,,05_anomaly,2026-09-29,443fa88
pca,85,0.6326824303514598,0.7823302316994369,0.5521067409074755,0.9888132541658684,0.5855387925064863,0.2226299958592132,05_anomaly,2026-09-29,443fa88
autoencoder,pooled,0.5452818918817409,0.6642619863400239,0.49208939340309465,0.7885005811819119,0.2959572264020945,0.47237860603171866,05_anomaly,2026-09-29,443fa88
autoencoder,40,0.6172767543143913,0.6020998986785558,0.536175140848996,0.9101152057806953,,0.554135500238492,05_anomaly,2026-09-29,443fa88
autoencoder,60,0.5699740042044337,0.8718641405258465,0.2997859594661445,0.9859814304097702,0.31335177938217595,0.5881279061285462,05_anomaly,2026-09-29,443fa88
autoencoder,75,0.7744342074179069,0.8649945624652058,0.6518392847973643,0.947786182600563,,,05_anomaly,2026-09-29,443fa88
autoencoder,85,0.6032632737499791,0.7045698883042555,0.600890486909134,0.9873684595427556,0.5174183570775666,0.21342976397515528,05_anomaly,2026-09-29,443fa88
