run,rows,share_correct,top_wrong_label,top_wrong_share,recall_first_10_min,recall_after,alarm_delay_s,alarm_class,experiment,date,git_commit
AC_Fouling_40_Load,4678,0.6043180846515604,Normal,0.697460831982712,0.3732193732193732,0.6555162431650048,5485.0,AC,07_runs,2026-09-29,b7da6ca
AC_Fouling_60_Load,6698,0.7982979994028068,TD,0.7342709104367136,0.37142857142857144,0.7394266917293233,1309.0,AC,07_runs,2026-09-29,b7da6ca
AC_Fouling_75_Load,6354,0.8010701920050362,AF,0.8275316455696202,0.9476439790575916,0.7571395402832598,187.0,AC,07_runs,2026-09-29,b7da6ca
AC_Fouling_85_Load,5801,0.903982072056542,Normal,1.0,0.007712082262210797,0.960425827354779,,,07_runs,2026-09-29,b7da6ca
AF_Clogging_40_Load,4820,0.47717842323651455,Normal,0.7773809523809524,0.09090909090909091,0.2717820007171029,,,07_runs,2026-09-29,b7da6ca
AF_Clogging_60_Load,6819,0.962751136530283,Normal,0.984251968503937,0.48097826086956524,0.986455463728191,639.0,AF,07_runs,2026-09-29,b7da6ca
AF_Clogging_75_Load,5918,0.20192632646164244,AC,0.6231208977344908,0.7578947368421053,0.2858044164037855,,,07_runs,2026-09-29,b7da6ca
AF_Clogging_85_Load,6398,0.2524226320725227,Normal,0.7673008572025926,0.0,0.0,,,07_runs,2026-09-29,b7da6ca
CW_Pump_Cavitation_60_Load,5845,0.9664670658682635,Normal,1.0,0.46883468834688347,1.0,487.0,CW,07_runs,2026-09-29,b7da6ca
CW_Pump_Cavitation_85_Load,6263,0.9998403321092129,Normal,1.0,0.9974424552429667,1.0,,,07_runs,2026-09-29,b7da6ca
Clogged_Injector_Nozzle1_40_60_85_Load,6492,0.9950708564386938,Normal,1.0,,,,,07_runs,2026-09-29,b7da6ca
Reference_Data,25302,0.9886965457276105,AC,1.0,,,,,07_runs,2026-09-29,b7da6ca
Turbine_Degradation_40_Load,6397,0.5141472565264968,Normal,0.6476833976833977,0.0,0.0,,,07_runs,2026-09-29,b7da6ca
Turbine_Degradation_60_Load,4905,0.545973496432212,Normal,0.5141445891333633,0.4948453608247423,0.5843188786684187,394.0,TD,07_runs,2026-09-29,b7da6ca
Turbine_Degradation_85_Load,5289,0.5036868973340897,Normal,1.0,0.0,0.0,,,07_runs,2026-09-29,b7da6ca
