model,fold,metric,headline,no_day_channels,n_features_dropped,experiment,date,git_commit
xgboost,40,macro_f1,0.5466659845944548,0.6346610253085343,40,07_sensitivity,2026-09-29,ad940c2
xgboost,40,recall_AC,0.626878612716763,0.6355491329479769,40,07_sensitivity,2026-09-29,ad940c2
xgboost,40,recall_AF,0.2520766773162939,0.8044728434504792,40,07_sensitivity,2026-09-29,ad940c2
xgboost,40,recall_INJ,1.0,1.0,40,07_sensitivity,2026-09-29,ad940c2
xgboost,40,recall_Normal,0.901006816334188,0.8955662560190107,40,07_sensitivity,2026-09-29,ad940c2
xgboost,40,recall_TD,0.0,0.0,40,07_sensitivity,2026-09-29,ad940c2
xgboost,60,macro_f1,0.8604876672949145,0.7250013739000392,40,07_sensitivity,2026-09-29,ad940c2
xgboost,60,recall_AC,0.7088989441930619,0.9489334195216548,40,07_sensitivity,2026-09-29,ad940c2
xgboost,60,recall_AF,0.9470787468247248,0.9051651143099068,40,07_sensitivity,2026-09-29,ad940c2
xgboost,60,recall_CW,0.9561030235162374,0.0,40,07_sensitivity,2026-09-29,ad940c2
xgboost,60,recall_INJ,1.0,1.0,40,07_sensitivity,2026-09-29,ad940c2
xgboost,60,recall_Normal,0.9238055146284992,0.9346804181575809,40,07_sensitivity,2026-09-29,ad940c2
xgboost,60,recall_TD,0.5713216023961063,0.6271059528266567,40,07_sensitivity,2026-09-29,ad940c2
xgboost,75,macro_f1,0.7006298039348343,0.6105062566114337,40,07_sensitivity,2026-09-29,ad940c2
xgboost,75,recall_AC,0.7726594156536575,0.8496481126039668,40,07_sensitivity,2026-09-29,ad940c2
xgboost,75,recall_AF,0.3363380281690141,0.0295774647887323,40,07_sensitivity,2026-09-29,ad940c2
xgboost,75,recall_INJ,1.0,1.0,40,07_sensitivity,2026-09-29,ad940c2
xgboost,75,recall_Normal,0.7472657404670411,0.7125825204453641,40,07_sensitivity,2026-09-29,ad940c2
xgboost,85,macro_f1,0.6087701114415466,0.346515074503903,40,07_sensitivity,2026-09-29,ad940c2
xgboost,85,recall_AC,0.8817409766454353,0.0016985138004246285,40,07_sensitivity,2026-09-29,ad940c2
xgboost,85,recall_AF,0.0,0.0,40,07_sensitivity,2026-09-29,ad940c2
xgboost,85,recall_CW,0.9997876406880442,1.0,40,07_sensitivity,2026-09-29,ad940c2
xgboost,85,recall_INJ,0.9871846215458551,0.9959951942330797,40,07_sensitivity,2026-09-29,ad940c2
xgboost,85,recall_Normal,0.9032173913043479,0.5555652173913044,40,07_sensitivity,2026-09-29,ad940c2
xgboost,85,recall_TD,0.0,0.0,40,07_sensitivity,2026-09-29,ad940c2
