t_min,temp_c,p_ac,p_normal
0.000,35.123,0.0062,0.9935
0.183,35.110,0.0462,0.9125
0.333,35.088,0.0816,0.9149
0.500,35.056,0.0807,0.9159
0.683,35.037,0.0573,0.9350
0.833,35.115,0.0576,0.9332
1.000,35.011,0.0485,0.9437
1.183,35.027,0.0476,0.9448
1.333,35.027,0.0417,0.9513
1.500,35.000,0.0373,0.9557
1.683,34.858,0.0380,0.9550
1.833,34.842,0.0380,0.9545
2.017,34.783,0.0379,0.9538
2.167,34.803,0.0497,0.9395
2.333,34.738,0.0497,0.9395
2.517,34.776,0.0495,0.9402
2.667,34.879,0.0495,0.9402
2.833,34.948,0.0437,0.9461
3.017,34.965,0.0437,0.9461
3.167,34.983,0.0526,0.9352
3.333,34.993,0.0526,0.9352
3.517,35.026,0.0525,0.9324
3.667,35.092,0.0530,0.9316
3.833,35.086,0.0470,0.9448
4.017,35.115,0.0472,0.9455
4.167,35.055,0.0472,0.9455
4.333,35.026,0.0374,0.9568
4.517,34.962,0.0374,0.9568
4.667,34.969,0.0374,0.9568
4.850,35.056,0.0374,0.9568
5.000,35.034,0.0374,0.9568
5.167,35.060,0.0295,0.9659
5.350,35.071,0.0254,0.9700
5.500,35.103,0.0254,0.9700
5.667,35.048,0.0254,0.9700
5.850,35.025,0.0254,0.9699
6.000,35.040,0.0254,0.9699
6.167,35.040,0.0254,0.9699
6.350,34.970,0.0341,0.9593
6.500,35.066,0.0382,0.9545
6.667,34.973,0.0382,0.9545
6.850,35.023,0.0382,0.9545
7.000,35.098,0.0382,0.9545
7.167,35.041,0.0381,0.9538
7.350,35.023,0.0381,0.9538
7.500,35.027,0.0381,0.9538
7.667,34.951,0.0381,0.9538
7.850,34.950,0.0419,0.9501
8.000,35.021,0.0419,0.9501
8.167,34.991,0.0419,0.9501
8.350,35.013,0.0536,0.9347
8.500,35.060,0.0536,0.9347
8.683,35.135,0.0536,0.9347
8.833,35.138,0.0536,0.9347
9.000,35.144,0.0536,0.9351
9.183,35.133,0.0536,0.9351
9.333,35.149,0.0536,0.9351
9.500,35.089,0.0536,0.9351
9.683,35.035,0.0536,0.9351
9.833,35.004,0.0536,0.9351
10.000,35.041,0.0536,0.9351
10.183,35.040,0.0537,0.9364
10.333,35.027,0.0500,0.9387
10.500,35.041,0.0408,0.9478
10.683,34.992,0.0408,0.9478
10.833,35.071,0.0408,0.9478
11.000,35.069,0.0408,0.9478
11.183,35.039,0.0408,0.9478
11.333,35.032,0.0408,0.9476
11.500,35.006,0.0392,0.9287
11.683,35.043,0.0392,0.9287
11.833,34.958,0.0392,0.9287
12.000,35.045,0.0392,0.9287
12.183,35.066,0.0392,0.9287
12.333,34.950,0.0391,0.9260
12.500,34.996,0.0391,0.9260
12.683,34.991,0.0391,0.9260
12.833,35.017,0.0391,0.9260
13.000,35.048,0.0391,0.9260
13.167,35.097,0.0393,0.9300
13.333,35.207,0.0393,0.9300
13.517,35.211,0.0393,0.9300
13.667,35.143,0.0391,0.9260
13.833,35.132,0.0391,0.9260
14.017,35.031,0.0391,0.9260
14.167,35.033,0.0392,0.9277
14.333,34.930,0.0392,0.9277
14.517,34.963,0.0391,0.9260
14.667,35.023,0.0392,0.9277
14.833,35.050,0.0391,0.9260
15.017,35.141,0.0859,0.8415
15.167,35.108,0.0856,0.8380
15.333,35.091,0.0856,0.8380
15.517,35.158,0.0856,0.8380
15.667,35.132,0.0856,0.8380
15.833,35.072,0.0856,0.8380
16.017,34.972,0.0725,0.8500
16.167,35.065,0.0786,0.8322
16.333,35.084,0.0718,0.8383
16.517,35.068,0.0718,0.8383
16.667,35.041,0.0718,0.8383
16.833,34.889,0.0718,0.8383
17.017,34.853,0.0718,0.8383
17.167,34.944,0.0718,0.8383
17.350,34.950,0.0718,0.8383
17.500,34.938,0.0718,0.8383
17.667,35.008,0.0718,0.8383
17.850,34.997,0.0680,0.8707
18.000,35.094,0.0680,0.8707
18.167,35.117,0.0736,0.8600
18.350,35.150,0.0736,0.8600
18.500,35.264,0.0878,0.8330
18.667,35.272,0.0878,0.8329
18.850,35.287,0.0962,0.8279
19.000,35.254,0.0962,0.8277
19.167,35.158,0.0962,0.8277
19.350,35.081,0.0958,0.8237
19.500,35.083,0.0805,0.8376
19.667,35.046,0.0805,0.8376
19.850,35.053,0.0805,0.8376
20.000,35.028,0.0686,0.8616
20.167,34.991,0.0688,0.8641
20.350,34.994,0.0693,0.8699
20.500,35.017,0.0693,0.8699
20.667,34.995,0.0693,0.8699
20.850,35.004,0.0693,0.8699
21.000,35.059,0.0693,0.8699
21.167,35.113,0.0686,0.8611
21.350,35.191,0.0686,0.8612
21.500,35.121,0.0689,0.8656
21.667,35.232,0.0689,0.8656
21.833,35.304,0.0750,0.8600
22.000,35.410,0.0750,0.8600
22.183,35.375,0.0753,0.8597
22.333,35.308,0.0753,0.8597
22.500,35.258,0.0753,0.8597
22.683,35.314,0.0753,0.8597
22.833,35.174,0.0753,0.8597
23.000,35.194,0.0753,0.8599
23.183,35.183,0.0750,0.8564
23.333,35.040,0.0748,0.8539
23.500,35.050,0.1307,0.7883
23.683,35.003,0.1682,0.7331
23.833,35.001,0.2371,0.6724
24.000,34.999,0.2371,0.6724
24.183,35.125,0.2867,0.6286
24.333,35.155,0.3667,0.5558
24.517,35.202,0.3667,0.5558
24.667,35.237,0.3667,0.5558
24.833,35.378,0.3667,0.5558
25.017,35.391,0.3667,0.5558
25.167,35.414,0.3667,0.5558
25.333,35.421,0.3667,0.5558
25.517,35.355,0.3667,0.5558
25.667,35.406,0.3667,0.5558
25.833,35.357,0.3667,0.5558
26.017,35.414,0.3573,0.5671
26.167,35.456,0.3572,0.5671
26.350,35.402,0.3572,0.5670
26.500,35.386,0.3565,0.5658
26.667,35.372,0.3565,0.5659
26.850,35.369,0.3466,0.5780
27.000,35.274,0.3495,0.5827
27.167,35.283,0.3153,0.6132
27.350,35.132,0.3191,0.6205
27.500,35.063,0.3191,0.6205
27.667,35.078,0.3190,0.6203
27.850,35.038,0.3247,0.6138
28.000,35.148,0.3593,0.5824
28.183,35.268,0.3593,0.5824
28.333,35.243,0.3594,0.5824
28.500,35.320,0.3594,0.5824
28.683,35.438,0.3592,0.5823
28.833,35.456,0.3592,0.5823
29.000,35.544,0.3592,0.5823
29.183,35.420,0.3592,0.5822
29.333,35.295,0.3592,0.5822
29.500,35.265,0.3592,0.5822
29.683,35.153,0.3592,0.5823
29.833,35.032,0.3592,0.5823
30.000,35.064,0.3592,0.5823
30.183,35.049,0.3593,0.5823
30.333,35.134,0.3593,0.5823
30.517,35.148,0.3593,0.5823
30.667,35.134,0.3578,0.5799
30.833,35.189,0.3965,0.5450
31.017,35.131,0.3965,0.5450
31.167,35.074,0.3965,0.5450
31.333,35.078,0.3965,0.5449
31.517,35.039,0.3913,0.5379
31.667,35.052,0.3280,0.5938
31.833,35.120,0.3766,0.5509
32.017,35.163,0.3766,0.5509
32.167,35.095,0.3766,0.5509
32.350,35.025,0.3766,0.5509
32.500,35.077,0.3940,0.5355
32.667,35.024,0.3940,0.5356
32.850,34.986,0.4279,0.4957
33.000,34.930,0.5900,0.3552
33.167,34.921,0.5900,0.3552
33.350,34.950,0.6546,0.2992
33.500,35.022,0.6546,0.2992
33.667,35.230,0.6546,0.2992
33.850,35.382,0.6546,0.2992
34.000,35.532,0.6546,0.2992
34.167,35.605,0.6546,0.2992
34.350,35.736,0.6546,0.2992
34.500,35.763,0.7319,0.2322
34.683,35.506,0.7319,0.2322
34.850,35.244,0.7319,0.2322
35.000,35.066,0.7337,0.2328
35.183,34.927,0.6575,0.3005
35.333,34.884,0.6575,0.3005
35.500,34.786,0.6125,0.3401
35.683,34.726,0.6635,0.2976
35.833,34.702,0.6143,0.3411
36.000,34.690,0.6134,0.3406
36.183,34.743,0.6108,0.3391
36.333,34.728,0.5921,0.3555
36.517,34.675,0.5921,0.3555
36.683,34.775,0.5931,0.3561
36.833,34.795,0.5839,0.3694
37.017,34.669,0.5644,0.3940
37.167,34.714,0.5218,0.4296
37.333,34.751,0.5627,0.3929
37.517,34.680,0.5627,0.3929
37.667,34.721,0.5627,0.3929
37.833,34.649,0.5328,0.4176
38.017,34.698,0.5328,0.4176
38.167,34.818,0.5197,0.4320
38.333,34.787,0.4285,0.5191
38.517,34.735,0.3578,0.5836
38.667,34.839,0.3411,0.5987
38.833,34.803,0.3637,0.5932
39.017,34.721,0.3469,0.6089
39.167,34.831,0.3003,0.6523
39.350,34.814,0.3003,0.6523
39.500,34.754,0.2174,0.7295
39.667,34.804,0.2174,0.7295
39.850,34.865,0.2174,0.7295
40.000,34.926,0.2174,0.7295
40.167,34.895,0.2249,0.7203
40.350,34.960,0.1993,0.7447
40.500,34.910,0.2696,0.6801
40.667,35.018,0.2297,0.7172
40.850,34.923,0.2297,0.7172
41.000,34.927,0.2299,0.7178
41.167,34.898,0.2299,0.7176
41.350,35.041,0.2299,0.7176
41.500,34.998,0.2297,0.7172
41.667,34.982,0.2297,0.7172
41.850,34.919,0.2297,0.7172
42.000,34.948,0.2297,0.7172
42.183,34.950,0.2962,0.6558
42.350,34.863,0.2961,0.6555
42.500,34.973,0.3776,0.5795
42.683,34.918,0.4166,0.5310
42.833,34.895,0.4282,0.5179
43.000,34.886,0.4282,0.5179
43.183,34.998,0.4282,0.5179
43.333,34.994,0.4279,0.5175
43.500,35.035,0.4279,0.5175
43.683,34.993,0.4276,0.5170
43.833,35.144,0.4174,0.5286
44.000,35.266,0.4174,0.5286
44.183,35.681,0.4174,0.5286
44.333,36.009,0.5264,0.4221
44.500,36.326,0.6518,0.3110
44.683,36.623,0.6518,0.3110
44.833,36.739,0.7294,0.2417
45.017,37.064,0.7290,0.2415
45.167,37.208,0.6997,0.2720
45.333,37.192,0.6997,0.2720
45.517,37.257,0.6997,0.2720
45.667,37.091,0.7225,0.2513
45.833,37.082,0.7225,0.2513
46.017,36.925,0.7225,0.2513
46.167,36.803,0.7390,0.2342
46.333,36.650,0.8326,0.1502
46.517,36.546,0.8326,0.1502
46.667,36.366,0.8326,0.1502
46.833,36.364,0.8326,0.1502
47.017,36.351,0.8664,0.1199
47.167,36.237,0.8582,0.1272
47.350,36.433,0.8582,0.1272
47.517,36.486,0.8582,0.1272
47.667,36.577,0.8582,0.1272
47.850,36.667,0.8582,0.1272
48.000,36.710,0.8582,0.1272
48.167,36.734,0.8993,0.0854
48.350,36.706,0.8993,0.0854
48.500,36.680,0.8993,0.0854
48.667,36.719,0.8993,0.0854
48.850,36.724,0.8993,0.0854
49.000,36.647,0.9028,0.0819
49.167,36.510,0.9028,0.0819
49.350,36.641,0.9028,0.0819
49.500,36.608,0.9028,0.0819
49.667,36.497,0.9028,0.0819
49.850,36.475,0.9111,0.0749
50.000,36.553,0.9111,0.0749
50.183,36.491,0.9304,0.0562
50.350,36.448,0.9304,0.0562
50.500,36.643,0.9304,0.0562
50.683,36.621,0.9258,0.0599
50.833,36.578,0.9258,0.0599
51.000,36.611,0.9258,0.0599
51.183,36.571,0.9193,0.0652
51.333,36.546,0.9193,0.0652
51.500,36.551,0.9166,0.0679
51.683,36.707,0.9166,0.0679
51.833,36.726,0.9166,0.0679
52.000,36.741,0.9027,0.0821
52.183,36.736,0.9019,0.0821
52.333,36.699,0.8949,0.0886
52.500,36.681,0.8949,0.0886
52.683,36.564,0.8949,0.0886
52.833,36.457,0.8950,0.0886
53.017,36.445,0.8950,0.0886
53.167,36.520,0.8950,0.0886
53.333,36.544,0.8950,0.0886
53.517,36.678,0.8950,0.0886
53.667,36.702,0.8950,0.0886
53.833,36.768,0.8769,0.1039
54.017,36.742,0.8769,0.1039
54.167,36.635,0.8760,0.1038
54.333,36.590,0.8760,0.1038
54.517,36.638,0.8760,0.1038
54.667,36.553,0.8760,0.1038
54.833,36.491,0.8760,0.1038
55.017,36.564,0.8683,0.1103
55.167,36.500,0.8918,0.0906
55.333,36.535,0.8922,0.0903
55.517,36.554,0.8891,0.0900
55.667,36.576,0.8891,0.0900
55.833,36.627,0.8851,0.0941
56.017,36.508,0.8851,0.0941
56.167,36.535,0.8781,0.0853
56.367,36.579,0.8781,0.0853
56.517,36.667,0.8555,0.1011
56.667,36.634,0.8555,0.1011
56.833,36.696,0.8666,0.0894
57.017,36.627,0.8741,0.0815
57.167,36.635,0.8741,0.0815
57.333,36.568,0.8933,0.0833
57.517,36.451,0.8941,0.0825
57.667,36.476,0.8786,0.0946
57.833,36.514,0.8786,0.0946
58.017,36.602,0.8786,0.0946
58.167,36.582,0.8941,0.0825
58.333,36.624,0.8941,0.0825
58.517,36.631,0.9047,0.0716
58.667,36.656,0.9047,0.0716
58.833,36.534,0.9059,0.0717
59.017,36.617,0.8969,0.0775
59.167,36.647,0.8818,0.0889
59.333,36.642,0.8804,0.0887
59.517,36.683,0.8804,0.0887
59.667,36.587,0.8818,0.0889
59.833,36.635,0.8804,0.0887
60.017,36.625,0.8804,0.0887
60.167,36.461,0.8550,0.1150
60.350,36.383,0.8550,0.1150
60.500,36.368,0.8550,0.1150
60.667,36.378,0.8340,0.1316
60.850,36.371,0.8340,0.1316
61.000,36.307,0.8355,0.1319
61.167,36.383,0.8540,0.1155
61.350,36.479,0.8624,0.1089
61.500,36.567,0.8624,0.1089
61.667,36.594,0.8624,0.1089
61.850,36.603,0.8667,0.1095
62.000,36.597,0.8586,0.1162
62.167,36.718,0.8769,0.1011
62.350,36.555,0.8769,0.1011
62.500,36.599,0.8769,0.1011
62.667,36.681,0.8693,0.1074
62.850,36.639,0.8738,0.1028
63.000,36.701,0.8738,0.1028
63.167,36.653,0.8812,0.0967
63.350,36.617,0.8769,0.1011
63.500,36.533,0.8769,0.1011
63.667,36.490,0.8693,0.1074
63.850,36.489,0.8693,0.1074
64.000,36.370,0.8677,0.1072
64.167,36.330,0.8677,0.1072
64.350,36.287,0.8677,0.1072
64.500,36.253,0.8677,0.1072
64.683,36.268,0.8677,0.1072
64.833,36.364,0.8677,0.1072
65.000,36.454,0.8677,0.1072
65.183,36.483,0.8717,0.1030
65.333,36.570,0.8717,0.1030
65.500,36.608,0.8717,0.1030
65.683,36.653,0.8717,0.1030
65.833,36.783,0.8717,0.1030
66.000,36.755,0.8717,0.1030
66.183,36.790,0.8717,0.1030
66.333,36.659,0.8717,0.1030
66.500,36.610,0.8518,0.1007
66.683,36.471,0.8518,0.1007
66.833,36.343,0.8518,0.1007
67.000,36.265,0.8518,0.1007
67.183,36.346,0.8518,0.1007
67.333,36.336,0.8518,0.1007
67.500,36.477,0.8518,0.1007
67.683,36.651,0.8518,0.1007
67.833,36.682,0.8518,0.1007
68.000,36.698,0.8527,0.1008
68.183,36.720,0.8527,0.1008
68.333,36.641,0.8527,0.1008
68.500,36.567,0.8739,0.0863
68.683,36.426,0.8705,0.0899
68.833,36.426,0.8705,0.0899
69.000,36.356,0.8734,0.0902
69.183,36.325,0.8490,0.1044
69.333,36.503,0.8490,0.1044
69.500,36.446,0.8490,0.1044
69.683,36.547,0.8394,0.1145
69.833,36.528,0.8394,0.1145
70.000,36.592,0.8394,0.1145
70.183,36.575,0.8394,0.1145
70.333,36.525,0.8394,0.1145
70.500,36.630,0.8394,0.1145
70.683,36.661,0.8394,0.1145
70.833,36.658,0.8587,0.1171
71.000,36.583,0.8587,0.1171
71.183,36.592,0.8587,0.1171
71.333,36.481,0.8587,0.1171
71.500,36.383,0.8438,0.1273
71.667,36.334,0.7832,0.1182
71.850,36.276,0.7713,0.1164
72.000,36.290,0.7713,0.1164
72.167,36.291,0.7011,0.0793
72.350,36.240,0.7945,0.0899
72.500,36.252,0.7945,0.0899
72.667,36.328,0.7945,0.0899
72.850,36.348,0.7976,0.0902
73.000,36.436,0.7976,0.0902
73.167,36.528,0.8178,0.0672
73.350,36.403,0.8178,0.0672
73.500,36.501,0.8178,0.0672
73.667,36.473,0.8173,0.0671
73.850,36.542,0.8173,0.0671
74.000,36.433,0.8086,0.0664
74.167,36.511,0.7747,0.0636
74.350,36.588,0.7695,0.0699
74.500,36.852,0.7695,0.0699
74.667,37.237,0.7695,0.0699
74.850,37.559,0.7652,0.0695
75.000,37.805,0.7652,0.0695
75.167,37.914,0.7834,0.0616
75.350,38.186,0.7834,0.0616
75.517,38.306,0.7834,0.0616
75.667,38.566,0.6283,0.0494
75.833,38.576,0.6283,0.0494
76.017,38.755,0.6233,0.0571
76.167,38.740,0.7410,0.0777
76.333,38.861,0.7461,0.0713
76.517,38.946,0.7461,0.0713
76.667,38.940,0.7461,0.0713
76.833,39.031,0.7815,0.0614
77.017,39.019,0.7815,0.0614
77.167,38.933,0.6601,0.0518
77.333,38.867,0.6601,0.0518
77.517,38.817,0.7259,0.0418
77.667,38.775,0.7259,0.0418
77.833,38.738,0.7137,0.0340
78.017,38.604,0.7137,0.0340
78.167,38.412,0.7137,0.0340
78.333,38.075,0.8261,0.0394
78.517,37.916,0.8261,0.0394
78.667,37.833,0.8261,0.0394
78.833,37.746,0.8399,0.0363
79.017,37.659,0.9180,0.0529
79.167,37.820,0.9180,0.0529
79.350,37.952,0.9178,0.0529
79.517,38.095,0.9178,0.0529
79.667,38.145,0.9153,0.0527
79.850,38.450,0.9153,0.0527
80.017,38.453,0.9153,0.0527
80.167,38.502,0.9244,0.0434
80.350,38.483,0.9296,0.0436
80.517,38.385,0.9296,0.0436
80.667,38.191,0.9296,0.0436
80.833,38.043,0.9296,0.0436
81.017,37.944,0.9296,0.0436
81.167,37.879,0.9296,0.0436
81.350,37.851,0.9273,0.0450
81.517,37.854,0.9273,0.0450
81.667,37.989,0.9275,0.0451
81.850,38.049,0.9313,0.0394
82.017,38.126,0.9230,0.0479
82.167,38.144,0.9230,0.0479
82.350,38.247,0.8937,0.0464
82.500,38.163,0.8937,0.0464
82.667,38.186,0.8955,0.0465
82.850,38.223,0.8955,0.0465
83.000,38.199,0.8955,0.0465
83.167,38.188,0.8955,0.0465
83.350,38.034,0.8955,0.0465
83.500,37.966,0.8955,0.0465
83.667,37.901,0.8955,0.0465
83.850,37.911,0.8951,0.0466
84.000,37.977,0.8872,0.0531
84.167,38.032,0.8890,0.0532
84.350,38.192,0.8890,0.0532
84.500,38.168,0.8872,0.0531
84.667,38.205,0.8872,0.0531
84.850,38.291,0.8941,0.0517
85.017,38.338,0.9192,0.0550
85.167,38.329,0.9192,0.0550
85.333,38.105,0.9192,0.0550
85.517,38.120,0.9195,0.0548
85.667,37.928,0.9195,0.0548
85.833,37.866,0.9195,0.0548
86.000,37.820,0.9195,0.0548
86.167,37.793,0.9195,0.0548
86.350,37.872,0.9195,0.0548
86.517,37.962,0.9330,0.0417
86.667,38.088,0.9196,0.0500
86.833,38.156,0.9196,0.0500
87.017,38.235,0.9196,0.0500
87.167,38.114,0.9196,0.0500
87.333,38.195,0.8721,0.0474
87.517,38.137,0.7309,0.0398
87.667,38.142,0.7309,0.0398
87.833,38.170,0.7222,0.0431
88.017,38.151,0.7222,0.0431
88.167,38.079,0.7250,0.0391
88.333,37.987,0.7252,0.0391
88.517,37.953,0.7252,0.0391
88.667,37.957,0.7055,0.0403
88.833,37.956,0.7039,0.0426
89.017,37.954,0.7031,0.0427
89.167,38.075,0.7021,0.0450
89.333,38.112,0.7013,0.0451
89.517,38.028,0.7013,0.0451
89.667,37.956,0.7015,0.0452
89.833,37.907,0.7015,0.0452
90.017,37.937,0.6992,0.0482
90.183,37.900,0.6815,0.0490
90.333,37.976,0.6823,0.0489
90.500,38.045,0.7713,0.0647
90.683,38.132,0.7720,0.0645
90.833,38.205,0.7720,0.0645
91.000,38.239,0.7876,0.0601
91.183,38.273,0.8122,0.0531
91.333,38.216,0.8159,0.0534
91.500,38.032,0.8029,0.0680
91.683,37.960,0.7951,0.0771
91.833,37.818,0.7951,0.0771
92.000,37.832,0.7951,0.0771
92.183,37.892,0.7951,0.0771
92.333,38.063,0.7805,0.0825
92.500,38.074,0.7805,0.0825
92.683,38.169,0.7805,0.0825
92.833,38.065,0.6850,0.0543
93.000,38.112,0.7029,0.0557
93.183,38.127,0.7508,0.0595
93.333,38.321,0.7635,0.0605
93.500,38.496,0.7616,0.0629
93.683,38.578,0.7616,0.0629
93.833,38.710,0.7616,0.0629
94.000,38.854,0.7474,0.0802
94.183,38.903,0.7429,0.0797
94.333,39.028,0.7351,0.0772
94.500,39.189,0.7458,0.0796
94.683,39.233,0.7452,0.0742
94.833,39.256,0.7506,0.0745
95.000,39.358,0.8825,0.0876
95.183,39.336,0.8953,0.0888
95.333,39.311,0.8953,0.0888
95.500,39.293,0.8953,0.0888
95.683,39.298,0.9120,0.0744
95.833,39.310,0.9120,0.0744
96.000,39.286,0.9120,0.0744
96.183,39.284,0.9160,0.0701
96.333,39.429,0.9159,0.0701
96.500,39.469,0.9202,0.0658
96.683,39.523,0.9203,0.0658
96.833,39.648,0.9205,0.0658
97.000,39.769,0.9168,0.0695
97.183,39.909,0.9171,0.0695
97.333,39.996,0.9036,0.0833
97.500,40.156,0.9072,0.0796
97.683,40.309,0.9110,0.0754
97.833,40.504,0.9108,0.0754
98.000,40.656,0.9133,0.0730
98.183,40.773,0.9135,0.0730
98.333,40.805,0.9136,0.0730
98.500,40.855,0.9136,0.0730
98.683,40.851,0.9138,0.0730
98.833,40.948,0.9138,0.0730
99.000,40.975,0.9098,0.0727
99.183,40.883,0.9094,0.0727
99.333,40.981,0.8938,0.0715
99.500,40.848,0.8935,0.0714
99.683,40.810,0.9058,0.0724
99.833,40.760,0.9144,0.0638
100.000,40.692,0.9141,0.0641
100.183,40.683,0.9144,0.0641
100.333,40.663,0.9144,0.0641
100.500,40.599,0.9244,0.0539
100.683,40.625,0.9244,0.0539
100.833,40.723,0.9244,0.0539
101.000,40.732,0.9225,0.0538
101.183,40.787,0.9160,0.0534
101.333,40.799,0.9160,0.0534
101.500,40.825,0.9160,0.0534
101.683,40.912,0.9187,0.0506
101.833,40.923,0.9190,0.0504
102.000,40.920,0.9105,0.0526
102.183,40.812,0.8712,0.0502
102.333,40.661,0.8794,0.0413
102.500,40.643,0.8794,0.0413
102.683,40.584,0.8794,0.0413
102.833,40.586,0.8787,0.0414
103.000,40.499,0.8613,0.0473
103.183,40.605,0.8716,0.0359
103.333,40.671,0.8716,0.0359
103.500,40.708,0.8716,0.0359
103.683,40.890,0.8716,0.0359
103.833,40.816,0.8735,0.0360
104.000,40.871,0.8726,0.0335
104.183,40.910,0.8641,0.0332
104.333,40.936,0.8712,0.0335
104.500,40.975,0.8712,0.0335
104.683,40.967,0.9165,0.0352
104.833,40.882,0.9165,0.0352
105.000,40.834,0.9165,0.0352
105.167,40.647,0.8782,0.0337
105.350,40.558,0.8785,0.0338
105.500,40.501,0.8785,0.0338
105.667,40.519,0.8785,0.0338
105.850,40.689,0.8618,0.0331
106.000,40.773,0.8618,0.0331
106.167,40.760,0.8615,0.0331
106.350,40.854,0.8619,0.0331
106.517,40.860,0.8619,0.0331
106.683,40.984,0.8621,0.0331
106.833,40.842,0.8621,0.0331
107.000,40.813,0.8621,0.0331
107.167,40.677,0.6858,0.0264
107.350,40.637,0.6194,0.0238
107.517,40.636,0.6195,0.0238
107.667,40.553,0.6195,0.0238
107.833,40.589,0.6195,0.0238
108.017,40.653,0.6195,0.0238
108.167,40.756,0.6195,0.0238
108.333,40.788,0.6196,0.0238
108.517,40.825,0.6196,0.0238
108.667,40.941,0.6196,0.0238
108.833,41.163,0.6196,0.0238
109.017,41.342,0.6196,0.0238
109.167,41.501,0.6196,0.0238
109.333,41.649,0.6552,0.0216
109.517,42.041,0.6552,0.0216
109.667,42.260,0.6552,0.0216
109.833,42.413,0.6552,0.0216
110.017,42.708,0.6552,0.0216
110.167,42.926,0.6551,0.0216
110.333,43.080,0.6551,0.0216
110.500,43.170,0.6551,0.0216
110.683,43.317,0.6550,0.0216
110.833,43.451,0.6550,0.0216
111.000,43.512,0.6548,0.0216
111.183,43.547,0.7851,0.0259
111.333,43.595,0.7851,0.0259
111.500,43.567,0.7851,0.0259
111.683,43.544,0.6548,0.0216
111.833,43.361,0.6547,0.0216
112.000,43.357,0.6547,0.0216
112.183,43.236,0.7850,0.0259
112.333,43.152,0.7850,0.0259
112.500,43.036,0.7850,0.0259
112.683,43.086,0.7945,0.0262
112.833,43.027,0.7945,0.0262
113.000,42.978,0.7945,0.0262
113.183,42.999,0.7947,0.0262
113.333,42.921,0.8176,0.0269
113.500,42.891,0.8128,0.0329
113.683,42.889,0.8128,0.0329
113.833,42.906,0.7079,0.0220
114.000,42.895,0.7079,0.0220
114.183,42.958,0.7071,0.0232
114.333,43.024,0.7071,0.0232
114.500,42.945,0.7071,0.0232
114.683,42.960,0.5650,0.0147
114.833,42.970,0.5650,0.0147
115.000,42.932,0.5650,0.0147
115.183,42.889,0.5874,0.0153
115.333,43.036,0.5947,0.0155
115.500,43.005,0.5947,0.0155
115.683,43.035,0.5947,0.0155
115.833,43.039,0.5947,0.0155
116.000,43.010,0.5947,0.0155
116.183,42.969,0.5907,0.0222
116.333,42.858,0.5899,0.0235
116.500,42.873,0.5899,0.0235
116.683,42.792,0.5670,0.0225
116.833,42.823,0.7196,0.0316
117.000,42.755,0.7349,0.0377
117.183,42.713,0.7663,0.0393
117.333,42.788,0.7670,0.0392
117.500,42.881,0.7670,0.0392
117.683,42.945,0.7933,0.0367
117.833,43.128,0.8067,0.0388
118.000,43.281,0.8101,0.0436
118.167,43.685,0.8101,0.0436
118.350,44.850,0.8101,0.0436
118.500,46.011,0.8135,0.0396
118.667,47.222,0.8473,0.0353
118.850,46.783,0.8434,0.0317
119.000,46.034,0.7443,0.0280
119.167,45.317,0.7443,0.0280
119.350,44.688,0.7215,0.0259
119.500,44.161,0.7215,0.0259
119.667,43.907,0.7351,0.0247
119.850,43.656,0.6974,0.0251
120.000,43.543,0.6198,0.0222
120.167,43.449,0.6205,0.0210
120.350,43.475,0.5878,0.0199
120.500,43.534,0.5878,0.0199
120.667,43.460,0.5878,0.0199
120.850,43.713,0.5386,0.0182
121.000,43.703,0.5386,0.0182
121.167,43.972,0.5386,0.0182
121.350,44.187,0.4077,0.0129
121.500,44.503,0.4077,0.0129
121.667,44.817,0.4077,0.0129
121.850,44.921,0.3911,0.0132
122.000,44.893,0.3911,0.0132
122.167,44.853,0.3911,0.0132
122.350,44.886,0.3911,0.0132
122.500,44.732,0.3911,0.0132
122.667,44.704,0.3911,0.0132
122.850,44.668,0.3994,0.0130
123.000,44.612,0.3994,0.0130
123.167,44.490,0.3994,0.0130
123.350,44.466,0.3994,0.0130
123.500,44.506,0.4002,0.0111
123.667,44.358,0.4002,0.0111
123.850,44.379,0.4948,0.0137
124.000,44.367,0.4851,0.0134
124.167,44.240,0.4842,0.0135
124.350,44.169,0.4842,0.0135
124.517,44.186,0.4842,0.0135
124.667,44.220,0.4842,0.0135
124.850,44.168,0.4842,0.0135
125.000,44.291,0.4842,0.0135
125.167,44.471,0.4842,0.0135
125.350,44.534,0.4827,0.0183
125.500,44.691,0.4802,0.0215
125.667,44.805,0.4794,0.0232
125.850,44.824,0.4794,0.0232
126.017,44.713,0.4794,0.0232
126.167,44.669,0.4794,0.0232
126.350,44.611,0.4794,0.0232
126.517,44.607,0.4794,0.0232
126.667,44.650,0.4794,0.0232
126.833,44.603,0.4794,0.0232
127.017,44.534,0.4794,0.0232
127.167,44.516,0.4794,0.0232
127.333,44.609,0.4809,0.0203
127.517,44.482,0.4981,0.0196
127.667,44.499,0.4809,0.0203
127.833,44.422,0.4809,0.0203
128.017,44.516,0.4809,0.0203
128.183,44.461,0.6691,0.0263
128.333,44.508,0.6700,0.0251
128.500,44.611,0.6545,0.0262
128.683,44.697,0.6466,0.0268
128.833,45.004,0.4727,0.0196
129.000,45.940,0.6311,0.0262
129.183,47.392,0.4547,0.0189
129.333,47.982,0.4547,0.0189
129.500,47.662,0.4547,0.0189
129.683,46.732,0.4547,0.0189
129.833,45.910,0.6311,0.0262
130.000,45.491,0.4547,0.0189
130.183,45.076,0.4727,0.0196
130.333,44.898,0.4727,0.0196
130.500,44.768,0.4727,0.0196
130.683,44.913,0.4727,0.0196
130.850,45.731,0.4721,0.0209
131.000,46.860,0.4721,0.0209
131.167,48.084,0.4721,0.0209
131.350,49.820,0.4753,0.0143
131.500,49.076,0.4753,0.0143
131.667,47.759,0.4753,0.0143
131.850,46.145,0.4753,0.0143
132.000,45.354,0.4753,0.0143
132.167,44.301,0.4749,0.0151
132.350,44.067,0.4749,0.0151
132.500,43.838,0.5058,0.0161
132.667,43.763,0.5058,0.0161
132.850,43.899,0.5053,0.0170
133.000,44.489,0.5048,0.0180
133.167,46.316,0.5048,0.0180
133.350,47.902,0.5048,0.0180
133.500,50.164,0.5767,0.0194
133.667,50.968,0.5973,0.0201
133.850,49.166,0.5973,0.0201
134.000,47.523,0.7454,0.0251
134.167,45.344,0.7398,0.0324
134.350,43.858,0.7398,0.0324
134.500,43.345,0.7398,0.0324
134.667,43.088,0.7398,0.0324
134.850,43.102,0.7319,0.0428
135.000,43.464,0.7285,0.0472
135.167,44.357,0.7285,0.0472
135.350,46.351,0.7285,0.0472
135.500,47.884,0.7285,0.0472
135.667,50.466,0.7610,0.0493
135.850,51.987,0.7634,0.0463
136.000,52.310,0.7919,0.0548
136.167,50.626,0.8295,0.0572
136.350,47.671,0.8245,0.0628
136.500,46.010,0.8245,0.0628
136.667,44.380,0.8258,0.0675
136.850,43.879,0.8257,0.0675
137.000,43.575,0.8353,0.0682
137.167,44.002,0.8452,0.0690
137.350,45.709,0.8432,0.0713
137.500,47.205,0.8432,0.0713
137.667,49.718,0.8438,0.0689
137.850,52.147,0.8392,0.0709
138.000,53.322,0.8391,0.0709
138.167,52.477,0.8411,0.0687
138.350,49.510,0.7784,0.0668
138.500,46.529,0.7587,0.0651
138.667,45.175,0.7587,0.0651
138.850,43.813,0.7587,0.0651
139.000,43.658,0.7587,0.0651
139.167,43.572,0.7587,0.0651
139.350,44.565,0.7860,0.0674
139.500,45.846,0.7836,0.0703
139.667,48.223,0.7760,0.0696
139.850,50.756,0.7894,0.0708
140.000,52.282,0.7760,0.0696
140.167,53.090,0.7814,0.0632
140.350,51.039,0.7814,0.0632
140.500,47.888,0.7814,0.0632
140.667,46.031,0.7814,0.0632
140.850,44.297,0.7548,0.0610
141.000,43.660,0.7473,0.0530
141.167,43.392,0.7473,0.0530
141.350,43.913,0.7449,0.0560
141.500,45.616,0.7449,0.0560
141.667,47.167,0.7473,0.0530
141.850,49.657,0.7263,0.0515
142.000,51.474,0.7263,0.0515
142.167,53.462,0.7263,0.0515
142.350,52.874,0.7263,0.0515
142.500,49.648,0.7263,0.0515
142.667,47.363,0.7263,0.0515
142.850,44.715,0.7263,0.0515
143.000,43.871,0.7263,0.0515
143.167,43.654,0.7656,0.0485
143.350,44.684,0.7656,0.0485
143.517,45.954,0.7656,0.0485
143.667,48.363,0.7703,0.0426
143.850,50.820,0.7703,0.0426
144.000,52.389,0.7703,0.0426
144.167,53.969,0.7908,0.0490
144.350,55.668,0.8268,0.0584
144.517,54.284,0.8725,0.0616
144.667,50.303,0.8725,0.0616
144.833,47.721,0.8876,0.0627
145.017,45.185,0.8876,0.0627
145.167,44.286,0.8943,0.0589
145.333,44.090,0.8994,0.0536
145.517,45.273,0.8994,0.0536
145.667,46.799,0.8965,0.0566
145.833,48.420,0.9027,0.0500
146.017,50.961,0.9024,0.0502
146.167,53.378,0.9050,0.0475
146.333,54.869,0.8861,0.0526
146.517,54.952,0.8861,0.0526
146.667,52.530,0.8861,0.0526
146.833,48.637,0.8861,0.0526
147.017,46.547,0.8618,0.0487
147.167,44.585,0.8618,0.0487
147.333,44.103,0.8419,0.0504
147.517,44.241,0.8419,0.0504
147.667,45.357,0.8351,0.0536
147.833,47.594,0.8322,0.0568
148.017,49.266,0.8082,0.0552
148.167,51.836,0.7222,0.0493
148.333,53.417,0.7166,0.0437
148.517,55.453,0.7205,0.0385
148.667,55.041,0.6946,0.0371
148.833,51.211,0.6706,0.0358
149.017,47.385,0.6552,0.0375
149.167,45.490,0.6552,0.0375
149.333,44.381,0.5836,0.0358
149.517,43.947,0.4554,0.0213
149.667,44.869,0.4514,0.0299
149.833,46.199,0.4508,0.0311
150.017,48.655,0.4508,0.0311
150.167,50.314,0.4508,0.0311
150.333,51.950,0.4315,0.0322
150.517,54.395,0.4508,0.0311
150.667,56.590,0.4508,0.0311
150.833,57.767,0.4525,0.0276
151.017,56.983,0.4525,0.0276
151.167,53.863,0.4540,0.0243
151.333,49.274,0.4540,0.0243
151.517,47.016,0.4532,0.0259
151.667,45.183,0.4525,0.0276
151.833,44.839,0.4525,0.0276
152.017,45.926,0.4525,0.0276
152.167,47.233,0.4519,0.0287
152.333,49.649,0.4519,0.0287
152.517,52.155,0.4519,0.0287
152.667,53.713,0.4498,0.0332
152.833,55.361,0.4546,0.0228
153.017,57.376,0.4553,0.0214
153.167,57.983,0.4559,0.0200
153.333,54.708,0.4569,0.0179
153.517,49.851,0.4360,0.0171
153.667,47.423,0.3668,0.0143
153.833,45.757,0.3665,0.0152
154.017,44.667,0.3507,0.0156
154.167,45.557,0.3495,0.0188
154.333,46.939,0.3495,0.0188
154.517,49.430,0.3495,0.0188
154.667,51.090,0.3495,0.0188
154.833,53.617,0.3495,0.0188
155.017,55.190,0.3509,0.0147
155.167,57.412,0.3509,0.0147
155.333,58.161,0.3512,0.0139
155.517,55.027,0.3235,0.0128
155.667,51.856,0.3235,0.0128
155.833,47.743,0.3235,0.0128
156.017,45.510,0.3235,0.0128
156.167,44.950,0.3233,0.0136
156.333,45.184,0.3227,0.0154
156.517,46.925,0.3224,0.0163
156.667,49.367,0.3224,0.0163
156.833,51.088,0.3227,0.0154
157.017,53.528,0.3223,0.0167
157.167,55.166,0.3218,0.0180
157.333,56.653,0.3221,0.0170
157.517,58.843,0.3235,0.0128
157.667,59.513,0.3231,0.0142
157.833,56.167,0.3231,0.0142
158.017,51.238,0.3231,0.0142
158.183,48.663,0.3231,0.0142
158.333,46.470,0.3215,0.0188
158.500,45.994,0.3215,0.0188
158.683,47.165,0.3215,0.0188
158.833,48.494,0.3234,0.0132
159.000,50.208,0.3234,0.0132
159.183,52.698,0.3240,0.0138
159.333,55.087,0.3240,0.0138
159.500,56.700,0.3243,0.0129
159.683,58.771,0.3243,0.0129
159.833,59.676,0.3243,0.0129
160.000,56.350,0.3242,0.0129
160.183,52.913,0.3242,0.0129
160.333,48.743,0.3309,0.0157
160.500,46.957,0.3309,0.0157
160.683,46.005,0.3309,0.0157
160.833,46.549,0.5034,0.0238
161.000,48.597,0.3309,0.0157
161.183,50.986,0.3310,0.0157
161.333,52.685,0.3310,0.0157
161.500,54.338,0.3310,0.0157
161.683,56.685,0.3310,0.0157
161.833,58.815,0.3310,0.0157
162.000,59.733,0.3310,0.0157
162.183,56.568,0.3310,0.0157
162.333,53.251,0.3310,0.0157
162.500,49.018,0.3310,0.0157
162.683,47.188,0.3094,0.0162
162.833,45.915,0.3094,0.0162
163.000,46.265,0.2940,0.0154
163.183,48.223,0.2940,0.0154
163.333,49.863,0.2940,0.0154
163.500,52.373,0.3076,0.0151
163.683,54.012,0.3076,0.0151
163.833,56.530,0.3076,0.0151
164.000,58.126,0.2724,0.0134
164.183,59.779,0.2979,0.0146
164.333,58.479,0.2979,0.0146
164.500,53.506,0.2626,0.0129
164.683,49.181,0.2626,0.0129
164.833,47.271,0.2626,0.0129
165.000,46.267,0.2264,0.0135
165.183,46.357,0.2261,0.0148
165.333,47.518,0.2261,0.0148
165.500,49.836,0.2261,0.0148
165.683,52.474,0.2261,0.0148
165.850,54.175,0.2264,0.0135
166.000,55.853,0.2626,0.0129
166.167,58.291,0.2626,0.0129
166.350,59.713,0.2633,0.0104
166.500,58.133,0.2633,0.0104
166.667,54.970,0.2633,0.0104
166.850,50.055,0.2633,0.0104
167.000,47.078,0.2633,0.0104
167.167,46.069,0.2053,0.0109
