t_min,l40,l60,l75,l85
-30.000,35.886,33.763,35.095,nan
-29.500,35.306,33.539,34.982,nan
-29.000,30.962,33.584,35.080,nan
-28.500,28.605,33.531,35.127,32.739
-28.000,29.332,33.581,35.044,32.909
-27.500,31.063,33.516,35.064,33.245
-27.000,32.800,33.368,34.901,33.090
-26.500,34.355,33.453,34.927,33.297
-26.000,35.601,33.517,35.067,33.099
-25.500,36.066,33.448,35.214,33.106
-25.000,32.226,33.478,35.243,33.266
-24.500,28.766,33.456,35.090,33.304
-24.000,28.884,33.441,35.011,33.218
-23.500,30.649,33.494,35.019,33.353
-23.000,32.532,33.585,35.047,33.111
-22.500,34.161,33.590,35.166,33.123
-22.000,35.572,33.581,35.350,33.196
-21.500,36.266,33.631,35.309,32.989
-21.000,32.645,33.507,35.196,32.978
-20.500,28.955,33.338,35.084,33.180
-20.000,28.823,33.295,35.026,32.912
-19.500,30.533,33.274,35.196,32.857
-19.000,32.538,33.374,35.389,33.021
-18.500,34.356,33.388,35.397,33.091
-18.000,35.829,33.331,35.396,33.199
-17.500,36.256,33.388,35.398,33.140
-17.000,32.225,33.384,35.324,33.241
-16.500,28.883,33.355,35.134,33.381
-16.000,28.885,33.419,35.119,33.304
-15.500,30.639,33.453,35.291,33.257
-15.000,32.670,33.322,35.483,33.387
-14.500,34.454,33.397,35.285,32.990
-14.000,35.917,33.449,35.071,33.160
-13.500,36.502,33.459,35.124,33.361
-13.000,32.541,33.453,35.144,33.267
-12.500,29.163,33.277,35.071,33.237
-12.000,29.048,33.271,35.125,33.170
-11.500,30.908,33.391,35.051,33.228
-11.000,33.028,33.325,34.974,33.399
-10.500,34.947,33.264,35.036,32.907
-10.000,36.490,33.347,35.451,33.027
-9.500,35.909,33.340,35.688,33.502
-9.000,31.220,33.319,35.195,33.156
-8.500,28.786,33.335,34.858,33.136
-8.000,29.549,33.321,34.713,33.516
-7.500,31.704,33.259,34.718,33.232
-7.000,33.818,33.290,34.726,33.427
-6.500,35.664,33.309,34.676,33.233
-6.000,36.920,33.343,34.720,33.152
-5.500,33.822,33.424,34.785,33.557
-5.000,29.522,33.351,34.801,33.195
-4.500,28.597,33.349,34.798,33.021
-4.000,30.354,33.335,34.862,33.215
-3.500,32.504,33.269,34.957,32.940
-3.000,34.527,33.305,34.945,33.071
-2.500,36.274,33.316,34.982,33.402
-2.000,36.538,33.308,34.952,32.831
-1.500,31.914,33.301,34.922,32.911
-1.000,28.773,33.451,34.947,33.125
-0.500,29.253,33.620,35.009,32.786
0.000,31.370,34.065,35.245,33.744
0.500,33.571,34.408,36.159,34.632
1.000,35.525,34.499,36.899,35.025
1.500,37.020,34.626,37.167,35.242
2.000,34.642,35.030,36.971,35.382
2.500,30.389,35.396,36.561,35.630
3.000,30.357,35.609,36.301,35.813
3.500,32.313,35.751,36.431,35.792
4.000,34.435,35.843,36.680,35.799
4.500,36.315,35.863,36.734,35.819
5.000,37.896,35.869,36.653,35.819
5.500,37.834,35.872,36.591,35.967
6.000,32.901,35.936,36.501,35.884
6.500,30.368,35.992,36.529,35.815
7.000,31.690,36.053,36.609,35.835
7.500,33.764,36.072,36.574,35.816
8.000,35.804,36.137,36.721,35.852
8.500,37.559,36.165,36.676,35.872
9.000,38.952,36.245,36.503,35.808
9.500,36.821,36.256,36.611,35.853
10.000,31.631,36.241,36.716,35.887
10.500,30.347,36.212,36.626,35.843
11.000,32.089,36.273,36.535,35.935
11.500,34.295,36.132,36.554,36.006
12.000,36.313,35.993,36.526,35.956
12.500,37.964,35.886,36.633,36.095
13.000,39.058,35.805,36.684,36.073
13.500,35.446,35.765,36.541,36.009
14.000,30.882,35.808,36.537,36.097
14.500,30.709,35.843,36.601,36.010
15.000,32.652,35.837,36.602,36.098
15.500,34.792,35.827,36.659,36.337
16.000,36.662,35.852,36.593,36.347
16.500,38.182,35.830,36.401,36.425
17.000,38.776,35.836,36.352,36.677
17.500,34.419,35.763,36.491,36.623
18.000,30.643,35.802,36.657,36.745
18.500,31.071,35.830,36.631,36.703
19.000,33.164,35.816,36.679,36.445
19.500,35.266,35.824,36.608,36.445
20.000,37.061,35.854,36.423,36.316
20.500,38.551,35.815,36.314,36.232
21.000,38.466,35.809,36.389,36.401
21.500,33.344,35.797,36.589,36.325
22.000,30.272,35.777,36.731,36.342
22.500,31.274,35.758,36.636,36.373
23.000,33.404,35.754,36.361,36.395
23.500,35.472,35.709,36.441,36.515
24.000,37.279,35.681,36.692,36.560
24.500,38.725,35.737,36.598,36.510
25.000,37.833,35.809,36.371,36.733
25.500,32.636,35.826,36.455,36.613
26.000,30.426,35.873,36.538,36.514
26.500,31.863,35.856,36.561,36.684
27.000,34.024,35.880,36.605,36.642
27.500,36.087,35.915,36.466,36.596
28.000,37.858,35.920,36.296,36.676
28.500,39.112,35.959,36.263,36.502
29.000,35.936,35.953,36.383,36.558
29.500,31.292,35.966,36.450,36.718
30.000,30.522,35.968,36.494,36.662
30.500,32.527,35.970,36.803,36.734
31.000,34.781,35.946,37.660,36.682
31.500,36.816,35.981,38.252,36.939
32.000,38.563,36.012,38.680,37.357
32.500,38.493,35.961,38.883,37.342
33.000,33.375,36.100,39.000,37.328
33.500,30.218,36.333,38.853,37.430
34.000,31.114,36.443,38.612,37.637
34.500,33.274,36.548,38.036,37.988
35.000,35.397,36.651,37.734,38.249
35.500,37.218,36.677,38.012,38.277
36.000,38.674,36.694,38.425,38.368
36.500,37.926,36.757,38.408,38.315
37.000,32.468,36.940,37.993,38.260
37.500,30.230,37.268,37.879,38.486
38.000,31.636,37.481,38.089,38.483
38.500,33.825,37.603,38.170,38.476
39.000,35.936,37.732,38.205,38.587
39.500,37.713,37.804,38.026,38.464
40.000,39.200,37.872,37.945,38.430
40.500,40.382,37.940,38.145,38.566
41.000,41.201,37.997,38.299,38.484
41.500,37.224,37.986,38.121,38.474
42.000,32.525,38.037,37.868,38.540
42.500,32.964,38.042,37.940,38.540
43.000,35.057,38.055,38.175,38.603
43.500,37.084,38.072,38.143,38.645
44.000,38.810,38.070,38.134,38.545
44.500,40.246,38.071,37.984,38.642
45.000,41.272,38.171,37.940,38.663
45.500,38.291,38.151,38.032,38.923
46.000,32.839,38.172,37.939,39.153
46.500,32.680,38.182,38.010,39.142
47.000,34.590,38.155,38.213,39.356
47.500,36.618,38.200,38.147,39.705
48.000,38.386,38.206,37.872,39.816
48.500,39.810,38.196,38.018,40.016
49.000,41.022,38.207,38.116,40.136
49.500,39.957,38.239,38.392,40.273
50.000,34.217,38.263,38.768,40.647
50.500,32.160,38.277,39.089,40.947
51.000,33.758,38.365,39.314,41.066
51.500,35.884,38.445,39.292,41.274
52.000,37.810,38.808,39.317,41.420
52.500,39.379,39.121,39.431,41.495
53.000,40.654,39.305,39.697,41.549
53.500,41.014,39.358,40.093,41.531
54.000,36.021,39.465,40.578,41.615
54.500,32.343,39.503,40.828,41.694
55.000,33.268,39.566,40.930,41.707
55.500,35.402,39.717,40.893,41.773
56.000,37.341,39.938,40.725,41.734
56.500,38.967,40.096,40.634,41.767
57.000,40.273,40.164,40.700,41.838
57.500,41.315,40.236,40.836,41.787
58.000,42.109,40.243,40.895,41.874
58.500,39.092,40.297,40.667,41.921
59.000,33.802,40.301,40.563,41.772
59.500,33.779,40.268,40.686,41.904
60.000,34.727,40.343,40.890,nan
